profile,variant,runs,accuracy_mean,accuracy_std,precision_mean,precision_std,recall_mean,recall_std,f1_mean,f1_std,brier_mean,brier_std,ece_mean,ece_std,topk_mean,topk_std,best_f1_mean,best_f1_std,best_f1_epoch_mean,best_f1_epoch_std,epoch_to_f1_095_mean,epoch_to_f1_095_std,epoch_to_f1_099_mean,epoch_to_f1_099_std,mean_f1_over_epochs_mean,mean_f1_over_epochs_std,final_train_loss_mean,final_train_loss_std,loss_reduction_mean,loss_reduction_std,refinement_change_rate_mean,refinement_change_rate_std,refinement_corrected_rate_mean,refinement_corrected_rate_std,refinement_wrong_flip_rate_mean,refinement_wrong_flip_rate_std
gpu,full,9,0.9756944444444444,0.044627849660024824,0.9946464646464647,0.006824912502760736,0.9228070175438596,0.14839865452496515,0.9495333663814619,0.09892708731329809,0.03969596043262378,0.024728037249463455,0.14003126066926777,0.036093835584858715,0.9894736842105264,0.013925006900339931,0.9814849060437296,0.018219538896106523,17.77777777777778,4.409585518440984,12.11111111111111,8.146232939899958,3.2222222222222223,7.395569244111264,0.642326511178646,0.1525989944768879,0.40619413720236885,0.06953509616084672,0.2986915641360813,0.06550189215381533,0.45110446946778293,0.3499748364299334,0.817027417027417,0.23523747384909333,0.005194805194805195,0.010630328275159025
gpu,w/o posterior refinement,9,0.8527777777777777,0.11174272518577863,0.7219323908900792,0.4282311029487962,0.5157894736842106,0.3867257254225546,0.5673856783238679,0.4021501852789665,0.10571749983750309,0.02819727012566227,0.2628788279809265,0.0356220691777639,0.9754385964912281,0.012892051277806233,0.6182558255795573,0.3465154891058435,15.777777777777779,8.37821248503787,-1.0,0.0,-1.0,0.0,0.18451564485576857,0.17969540676299267,0.40619413720236885,0.06953509616084672,0.2986915641360813,0.06550189215381533,0.45110446946778293,0.3499748364299334,0.817027417027417,0.23523747384909333,0.005194805194805195,0.010630328275159025
