epoch,train_loss,backbone,drop_feature,dataset,test_dataset,raw_accuracy,raw_precision,raw_recall,raw_f1,raw_brier,raw_ece,raw_topk,refined_accuracy,refined_precision,refined_recall,refined_f1,refined_brier,refined_ece,refined_topk,refinement_change_rate,refinement_corrected_rate,refinement_wrong_flip_rate
1,0.7376465201377869,graphsage,dispersion,augmented_kary_n5_k4_run1_train,augmented_kary_n5_k4_run1_test,0.701171875,0.2,0.003257328990228013,0.006394082597082391,0.24285099915666933,0.18982829505112023,0.9527687296416939,0.701171875,0.2,0.003257328990228013,0.006394082597082391,0.24285099915666933,0.18982829505112023,0.9527687296416939,0.0,0.0,0.0
5,0.5979419648647308,graphsage,dispersion,augmented_kary_n5_k4_run1_train,augmented_kary_n5_k4_run1_test,0.7001953125,0.0,0.0,0.0,0.18338507086464512,0.41677646706521043,0.9996742671009772,1.0,1.0,1.0,1.0,0.07829106810368412,0.22201063320664466,1.0,0.8098143482423443,1.0,0.0
10,0.4383281171321869,graphsage,dispersion,augmented_kary_n5_k4_run1_train,augmented_kary_n5_k4_run1_test,0.73818359375,0.7,0.1267100977198697,0.16248678275801812,0.11837937681556784,0.29787234839168375,0.9996742671009772,0.99326171875,1.0,0.9775244299674266,0.9873394495412844,0.02525746413303833,0.12495194188231933,0.9996742671009772,0.775125837993835,1.0,0.0
