epoch,train_loss,backbone,drop_feature,dataset,test_dataset,raw_accuracy,raw_precision,raw_recall,raw_f1,raw_brier,raw_ece,raw_topk,refined_accuracy,refined_precision,refined_recall,refined_f1,refined_brier,refined_ece,refined_topk,refinement_change_rate,refinement_corrected_rate,refinement_wrong_flip_rate
1,0.724430501461029,graphsage,mismatch,augmented_kary_n5_k4_run1_train,augmented_kary_n5_k4_run1_test,0.87138671875,1.0,0.5710097719869707,0.6873712464033401,0.2378412809515586,0.3586689527728595,1.0,0.87138671875,1.0,0.5710097719869707,0.6873712464033401,0.2378412809515586,0.3586689527728595,1.0,0.0,0.0,0.0
5,0.5976921916007996,graphsage,mismatch,augmented_kary_n5_k4_run1_train,augmented_kary_n5_k4_run1_test,0.7001953125,0.0,0.0,0.0,0.18509918828932978,0.39829958353366235,1.0,1.0,1.0,1.0,1.0,0.07500588456646103,0.21950430522645886,1.0,0.8419118748030646,1.0,0.0
10,0.45954664051532745,graphsage,mismatch,augmented_kary_n5_k4_run1_train,augmented_kary_n5_k4_run1_test,0.7001953125,0.0,0.0,0.0,0.1292588801079215,0.31278897022712043,1.0,0.973046875,1.0,0.9100977198697068,0.9457179317833649,0.03682967560349147,0.14899198994971813,1.0,0.9237990968424109,1.0,0.0
