epoch,train_loss,backbone,drop_feature,dataset,test_dataset,raw_accuracy,raw_precision,raw_recall,raw_f1,raw_brier,raw_ece,raw_topk,refined_accuracy,refined_precision,refined_recall,refined_f1,refined_brier,refined_ece,refined_topk,refinement_change_rate,refinement_corrected_rate,refinement_wrong_flip_rate
1,0.7258917987346649,graphsage,match,augmented_kary_n5_k4_run1_train,augmented_kary_n5_k4_run1_test,0.8810546875,1.0,0.6032573289902279,0.7282698755058103,0.24128419377210203,0.37192911019956226,0.996416938110749,0.8810546875,1.0,0.6032573289902279,0.7282698755058103,0.24128419377210203,0.37192911019956226,0.996416938110749,0.0,0.0,0.0
5,0.6238785684108734,graphsage,match,augmented_kary_n5_k4_run1_train,augmented_kary_n5_k4_run1_test,0.7001953125,0.0,0.0,0.0,0.19624874486178662,0.4330122119339649,1.0,1.0,1.0,1.0,1.0,0.08735167680617964,0.2346011421655621,1.0,0.8104549706132819,1.0,0.0
10,0.45339077711105347,graphsage,match,augmented_kary_n5_k4_run1_train,augmented_kary_n5_k4_run1_test,0.85703125,1.0,0.5231270358306188,0.6343576590503541,0.11371551659527532,0.3140977393501089,1.0,1.0,1.0,1.0,1.0,0.034004036074496764,0.14607980386853944,1.0,0.38689134488879734,0.9,0.0
