epoch,train_loss,backbone,drop_feature,dataset,test_dataset,raw_accuracy,raw_precision,raw_recall,raw_f1,raw_brier,raw_ece,raw_topk,refined_accuracy,refined_precision,refined_recall,refined_f1,refined_brier,refined_ece,refined_topk,refinement_change_rate,refinement_corrected_rate,refinement_wrong_flip_rate
1,0.7287751138210297,graphsage,full,augmented_kary_n5_k4_run1_train,augmented_kary_n5_k4_run1_test,0.9427734375,1.0,0.8091205211726382,0.8768491432443482,0.24333743389361184,0.43592233067029157,0.9980456026058631,0.9427734375,1.0,0.8091205211726382,0.8768491432443482,0.24333743389361184,0.43592233067029157,0.9980456026058631,0.0,0.0,0.0
5,0.6227596700191498,graphsage,full,augmented_kary_n5_k4_run1_train,augmented_kary_n5_k4_run1_test,0.7001953125,0.0,0.0,0.0,0.19578118103595638,0.4304641296534101,0.9996742671009772,1.0,1.0,1.0,1.0,0.08862746021609533,0.23546434147567238,1.0,0.8009796514128894,1.0,0.0
10,0.4726392477750778,graphsage,full,augmented_kary_n5_k4_run1_train,augmented_kary_n5_k4_run1_test,0.7001953125,0.0,0.0,0.0,0.13524415681069432,0.3168888243832043,0.9996742671009772,0.92080078125,1.0,0.7358306188925081,0.8294642737673696,0.05908828017501423,0.18455084474262548,0.9996742671009772,0.9620052770448548,1.0,0.0
