epoch,train_loss,backbone,drop_feature,dataset,test_dataset,raw_accuracy,raw_precision,raw_recall,raw_f1,raw_brier,raw_ece,raw_topk,refined_accuracy,refined_precision,refined_recall,refined_f1,refined_brier,refined_ece,refined_topk,refinement_change_rate,refinement_corrected_rate,refinement_wrong_flip_rate
1,0.778225302696228,graphsage,dispersion,hypercube_n10_run1_train,hypercube_n10_run1_test,0.2998046875,0.2998046875,1.0,0.4613072877535688,0.25364225655249106,0.23170537893311122,0.9980456026058631,0.2998046875,0.2998046875,1.0,0.4613072877535688,0.25364225655249106,0.23170537893311122,0.9980456026058631,0.0,0.0,0.0
5,0.6267215609550476,graphsage,dispersion,hypercube_n10_run1_train,hypercube_n10_run1_test,0.7001953125,0.0,0.0,0.0,0.19551129948701823,0.2730724255321547,0.9977198697068402,0.9890625,1.0,0.9635179153094462,0.9813477989134697,0.07212139607757341,0.18082708324202096,1.0,0.5274754130919189,1.0,0.0
10,0.46266284584999084,graphsage,dispersion,hypercube_n10_run1_train,hypercube_n10_run1_test,0.83291015625,1.0,0.4426710097719869,0.5365534049870055,0.11941868459084155,0.3121789891010849,0.9954397394136807,1.0,1.0,1.0,1.0,0.03390230262308119,0.14528758629809452,1.0,0.462677703698561,0.9,0.0
