epoch,train_loss,backbone,drop_feature,dataset,test_dataset,raw_accuracy,raw_precision,raw_recall,raw_f1,raw_brier,raw_ece,raw_topk,refined_accuracy,refined_precision,refined_recall,refined_f1,refined_brier,refined_ece,refined_topk,refinement_change_rate,refinement_corrected_rate,refinement_wrong_flip_rate
1,0.7906237840652466,graphsage,mismatch,hypercube_n10_run1_train,hypercube_n10_run1_test,0.2998046875,0.2998046875,1.0,0.4613072877535688,0.25959533509216026,0.22585883995634504,0.822801302931596,0.2998046875,0.2998046875,1.0,0.4613072877535688,0.25959533509216026,0.22585883995634504,0.822801302931596,0.0,0.0,0.0
5,0.6178702712059021,graphsage,mismatch,hypercube_n10_run1_train,hypercube_n10_run1_test,0.7001953125,0.0,0.0,0.0,0.19313031348657297,0.3614853782259161,0.9996742671009772,0.987109375,1.0,0.9570032573289902,0.9769277360017636,0.0895473625506532,0.2295163941490717,0.9996742671009772,0.9026585956397035,1.0,0.0
10,0.5116353631019592,graphsage,mismatch,hypercube_n10_run1_train,hypercube_n10_run1_test,0.7001953125,0.0,0.0,0.0,0.15475983209046834,0.3096026964005432,0.9993485342019544,0.81962890625,1.0,0.398371335504886,0.5536696237723195,0.10782405353749272,0.23478848693339388,0.9993485342019544,1.0,1.0,0.0
