epoch,train_loss,backbone,drop_feature,dataset,test_dataset,raw_accuracy,raw_precision,raw_recall,raw_f1,raw_brier,raw_ece,raw_topk,refined_accuracy,refined_precision,refined_recall,refined_f1,refined_brier,refined_ece,refined_topk,refinement_change_rate,refinement_corrected_rate,refinement_wrong_flip_rate
1,0.7683582305908203,graphsage,match,hypercube_n10_run1_train,hypercube_n10_run1_test,0.2998046875,0.2998046875,1.0,0.4613072877535688,0.25524105304209016,0.22664658713620156,0.9921824104234528,0.2998046875,0.2998046875,1.0,0.4613072877535688,0.25524105304209016,0.22664658713620156,0.9921824104234528,0.0,0.0,0.0
5,0.6302013099193573,graphsage,match,hypercube_n10_run1_train,hypercube_n10_run1_test,0.7001953125,0.0,0.0,0.0,0.19928464455764863,0.4361871618835721,0.9996742671009772,0.99990234375,1.0,0.9996742671009772,0.999836867862969,0.09069367497290073,0.23872397769190798,1.0,0.8063815174156371,1.0,0.0
10,0.5022614598274231,graphsage,match,hypercube_n10_run1_train,hypercube_n10_run1_test,0.71943359375,0.3,0.06416938110749186,0.08361107500324971,0.14035766244718476,0.3345232276129536,0.9986970684039088,0.98076171875,1.0,0.9358306188925083,0.9645090422103086,0.04721633795206186,0.17122308977419726,0.9990228013029316,0.8524440655543591,1.0,0.0
