epoch,train_loss,backbone,drop_feature,dataset,test_dataset,raw_accuracy,raw_precision,raw_recall,raw_f1,raw_brier,raw_ece,raw_topk,refined_accuracy,refined_precision,refined_recall,refined_f1,refined_brier,refined_ece,refined_topk,refinement_change_rate,refinement_corrected_rate,refinement_wrong_flip_rate
1,0.6947817206382751,graphsage,full,hypercube_n10_run1_train,hypercube_n10_run1_test,0.7001953125,0.0,0.0,0.0,0.22866353191663805,0.14908549048996064,0.9876221498371336,0.7001953125,0.0,0.0,0.0,0.22866353191663805,0.14908549048996064,0.9876221498371336,0.0,0.0,0.0
5,0.5993753969669342,graphsage,full,hypercube_n10_run1_train,hypercube_n10_run1_test,0.7001953125,0.0,0.0,0.0,0.18739815196889356,0.09531353896891233,0.9977198697068405,0.83212890625,1.0,0.44006514657980444,0.591173368953969,0.1385718793633326,0.12351017041073646,0.9977198697068405,0.9836512261580381,1.0,0.0
10,0.46005086600780487,graphsage,full,hypercube_n10_run1_train,hypercube_n10_run1_test,0.73837890625,0.6,0.12736156351791533,0.15657495391010684,0.12210940448330172,0.307734890608117,0.9977198697068405,0.99873046875,1.0,0.9957654723127035,0.9978435123812414,0.02812341580454194,0.13365336526436192,0.9996742671009772,0.7670944216567974,1.0,0.0
