epoch,train_loss,backbone,drop_feature,dataset,test_dataset,raw_accuracy,raw_precision,raw_recall,raw_f1,raw_brier,raw_ece,raw_topk,refined_accuracy,refined_precision,refined_recall,refined_f1,refined_brier,refined_ece,refined_topk,refinement_change_rate,refinement_corrected_rate,refinement_wrong_flip_rate
1,0.6997095346450806,graphsage,full,kary_n5_k4_run1_train,kary_n5_k4_run1_test,0.7001953125,0.0,0.0,0.0,0.2302011980298288,0.1438206990453182,0.616612377850163,0.7001953125,0.0,0.0,0.0,0.2302011980298288,0.1438206990453182,0.616612377850163,0.0,0.0,0.0
5,0.5877400934696198,graphsage,full,kary_n5_k4_run1_train,kary_n5_k4_run1_test,0.7001953125,0.0,0.0,0.0,0.18660026624544146,0.38766929443518167,0.9960912052117263,0.80078125,1.0,0.3355048859934854,0.5024390243902438,0.14224507389920765,0.3208776890562149,0.9960912052117263,1.0,1.0,0.0
10,0.4715796411037445,graphsage,full,kary_n5_k4_run1_train,kary_n5_k4_run1_test,0.70146484375,0.4,0.004234527687296417,0.00828940221222389,0.13228943153736888,0.3154904093418736,0.994788273615635,0.97919921875,0.999586776859504,0.930944625407166,0.9616520723447003,0.039273250161939895,0.15401625023486246,0.9964169381107493,0.9222311524906501,0.999586776859504,0.00041322314049586776
