epoch,train_loss,backbone,drop_feature,dataset,test_dataset,raw_accuracy,raw_precision,raw_recall,raw_f1,raw_brier,raw_ece,raw_topk,refined_accuracy,refined_precision,refined_recall,refined_f1,refined_brier,refined_ece,refined_topk,refinement_change_rate,refinement_corrected_rate,refinement_wrong_flip_rate
1,0.686093270778656,graphsage,dispersion,kary_n5_k4_run1_train,kary_n5_k4_run1_test,0.7001953125,0.0,0.0,0.0,0.21483445646459615,0.12488199939834885,0.9928338762214984,0.7001953125,0.0,0.0,0.0,0.21483445646459615,0.12488199939834885,0.9928338762214984,0.0,0.0,0.0
5,0.5388475358486176,graphsage,dispersion,kary_n5_k4_run1_train,kary_n5_k4_run1_test,0.7001953125,0.0,0.0,0.0,0.1675711748296666,0.3260454044051585,0.9938110749185668,0.8005859375,0.9990291262135923,0.33517915309446256,0.5019512195121951,0.1245409748225278,0.26036591203155696,0.9938110749185668,1.0,0.9990291262135923,0.000970873786407767
10,0.35180823504924774,graphsage,dispersion,kary_n5_k4_run1_train,kary_n5_k4_run1_test,0.94521484375,0.9981411604390683,0.8188925081433226,0.890331253216743,0.07632010009260415,0.23133908921008697,0.9941368078175895,0.9998046875,0.9996753246753247,0.9996742671009772,0.9996742662369528,0.025879918504091236,0.12213653417306261,0.9996742671009772,0.171859493274469,1.0,0.0
