epoch,train_loss,backbone,drop_feature,dataset,test_dataset,raw_accuracy,raw_precision,raw_recall,raw_f1,raw_brier,raw_ece,raw_topk,refined_accuracy,refined_precision,refined_recall,refined_f1,refined_brier,refined_ece,refined_topk,refinement_change_rate,refinement_corrected_rate,refinement_wrong_flip_rate
1,0.6932875216007233,graphsage,mismatch,kary_n5_k4_run1_train,kary_n5_k4_run1_test,0.7001953125,0.0,0.0,0.0,0.21610866595514558,0.12131681612809189,0.9954397394136807,0.7001953125,0.0,0.0,0.0,0.21610866595514558,0.12131681612809189,0.9954397394136807,0.0,0.0,0.0
5,0.5620011985301971,graphsage,mismatch,kary_n5_k4_run1_train,kary_n5_k4_run1_test,0.7001953125,0.0,0.0,0.0,0.1809874328211734,0.141355666234449,0.9954397394136807,0.8005859375,0.9990291262135923,0.33517915309446256,0.5019512195121951,0.1322846859458337,0.0714667989188456,0.9954397394136807,1.0,0.9990291262135923,0.000970873786407767
10,0.43727537989616394,graphsage,mismatch,kary_n5_k4_run1_train,kary_n5_k4_run1_test,0.719140625,0.9,0.06319218241042346,0.10804867199270751,0.1177078039978469,0.30003611196152635,0.998371335504886,0.99990234375,1.0,0.9996742671009772,0.999836867862969,0.02414933892971453,0.12442397497389959,1.0,0.8055450723269393,1.0,0.0
