epoch,train_loss,backbone,drop_feature,dataset,test_dataset,raw_accuracy,raw_precision,raw_recall,raw_f1,raw_brier,raw_ece,raw_topk,refined_accuracy,refined_precision,refined_recall,refined_f1,refined_brier,refined_ece,refined_topk,refinement_change_rate,refinement_corrected_rate,refinement_wrong_flip_rate
1,0.691614031791687,graphsage,match,kary_n5_k4_run1_train,kary_n5_k4_run1_test,0.7001953125,0.0,0.0,0.0,0.22150281218051315,0.12838466899993364,0.9912052117263844,0.7001953125,0.0,0.0,0.0,0.22150281218051315,0.12838466899993364,0.9912052117263844,0.0,0.0,0.0
5,0.5887041985988617,graphsage,match,kary_n5_k4_run1_train,kary_n5_k4_run1_test,0.7001953125,0.0,0.0,0.0,0.1862222825587228,0.3834651578537887,0.9967426710097719,0.80078125,1.0,0.3355048859934854,0.5024390243902438,0.14083755214294152,0.3159014757431578,0.9967426710097719,1.0,1.0,0.0
10,0.4448111057281494,graphsage,match,kary_n5_k4_run1_train,kary_n5_k4_run1_test,0.75341796875,0.9988764044943821,0.17785016286644953,0.2674907665769532,0.11640997135163748,0.297664461437671,0.9947882736156352,0.9998046875,1.0,0.9993485342019544,0.9996737357259381,0.024793928385670374,0.12572840023855406,1.0,0.719755073833208,1.0,0.0
