epoch,train_loss,backbone,drop_feature,dataset,test_dataset,raw_accuracy,raw_precision,raw_recall,raw_f1,raw_brier,raw_ece,raw_topk,refined_accuracy,refined_precision,refined_recall,refined_f1,refined_brier,refined_ece,refined_topk,refinement_change_rate,refinement_corrected_rate,refinement_wrong_flip_rate
1,0.6798990964889526,graphsage,full,augmented_kary_n2_k8_run3_train,augmented_kary_n2_k8_run3_test,0.703125,0.0,0.0,0.0,0.22419124232038498,0.13870217064395546,0.9894736842105264,0.703125,0.0,0.0,0.0,0.22419124232038498,0.13870217064395546,0.9894736842105264,0.0,0.0,0.0
5,0.6273300051689148,graphsage,full,augmented_kary_n2_k8_run3_train,augmented_kary_n2_k8_run3_test,0.703125,0.0,0.0,0.0,0.20241436628363454,0.10581022538244725,0.9894736842105264,0.8375,1.0,0.4526315789473684,0.6198181129215612,0.15361260530128748,0.15686749340966344,0.9894736842105264,1.0,1.0,0.0
10,0.5805395245552063,graphsage,full,augmented_kary_n2_k8_run3_train,augmented_kary_n2_k8_run3_test,0.703125,0.0,0.0,0.0,0.18403445406926064,0.3653455245308578,0.9894736842105264,0.8125,1.0,0.3684210526315789,0.5384615384615384,0.13780046613018387,0.29423950323835013,0.9894736842105264,1.0,1.0,0.0
15,0.5361137390136719,graphsage,full,augmented_kary_n2_k8_run3_train,augmented_kary_n2_k8_run3_test,0.703125,0.0,0.0,0.0,0.1635703686266635,0.34680913486517967,0.9894736842105264,0.8125,1.0,0.3684210526315789,0.5384615384615384,0.11991137352672163,0.27772519350983205,0.9894736842105264,1.0,1.0,0.0
20,0.46495985984802246,graphsage,full,augmented_kary_n2_k8_run3_train,augmented_kary_n2_k8_run3_test,0.703125,0.0,0.0,0.0,0.1297210910992138,0.30306408447213473,0.9894736842105264,0.98125,1.0,0.9368421052631579,0.9656597774244833,0.03872257063858063,0.15302271496204994,1.0,0.8753754940711463,1.0,0.0
