epoch,train_loss,backbone,drop_feature,dataset,test_dataset,raw_accuracy,raw_precision,raw_recall,raw_f1,raw_brier,raw_ece,raw_topk,refined_accuracy,refined_precision,refined_recall,refined_f1,refined_brier,refined_ece,refined_topk,refinement_change_rate,refinement_corrected_rate,refinement_wrong_flip_rate
1,0.6841171383857727,graphsage,full,augmented_kary_n2_k8_run2_train,augmented_kary_n2_k8_run2_test,0.703125,0.0,0.0,0.0,0.2233258236622421,0.12326755560934544,0.5789473684210525,0.703125,0.0,0.0,0.0,0.2233258236622421,0.12326755560934544,0.5789473684210525,0.0,0.0,0.0
5,0.6124440431594849,graphsage,full,augmented_kary_n2_k8_run2_train,augmented_kary_n2_k8_run2_test,0.703125,0.0,0.0,0.0,0.1945760595043004,0.050993863772600886,0.9894736842105264,0.8125,1.0,0.3684210526315789,0.5384615384615384,0.15280029574553386,0.1185887289233506,0.9894736842105264,1.0,1.0,0.0
10,0.5375820994377136,graphsage,full,augmented_kary_n2_k8_run2_train,augmented_kary_n2_k8_run2_test,0.703125,0.0,0.0,0.0,0.1709308671830853,0.3021432065870613,0.9894736842105264,0.8125,1.0,0.3684210526315789,0.5384615384615384,0.12332575087289108,0.2299970535095781,0.9894736842105264,1.0,1.0,0.0
15,0.4639981687068939,graphsage,full,augmented_kary_n2_k8_run2_train,augmented_kary_n2_k8_run2_test,0.703125,0.0,0.0,0.0,0.14045963369499453,0.2888913946226239,0.9894736842105264,0.875,0.9894736842105264,0.5894736842105263,0.7217853061773207,0.08039486163311363,0.19226763145998121,0.9894736842105264,1.0,0.9894736842105264,0.010526315789473684
20,0.3683420419692993,graphsage,full,augmented_kary_n2_k8_run2_train,augmented_kary_n2_k8_run2_test,0.865625,0.9888888888888889,0.5578947368421052,0.6867599742599743,0.096812992598206,0.25050744954496623,0.9894736842105264,0.99375,1.0,0.9789473684210528,0.9888888888888889,0.015503973271760457,0.09006412323960011,1.0,0.3930420832364566,1.0,0.0
