epoch,train_loss,backbone,drop_feature,dataset,test_dataset,raw_accuracy,raw_precision,raw_recall,raw_f1,raw_brier,raw_ece,raw_topk,refined_accuracy,refined_precision,refined_recall,refined_f1,refined_brier,refined_ece,refined_topk,refinement_change_rate,refinement_corrected_rate,refinement_wrong_flip_rate
1,0.6819701790809631,graphsage,full,augmented_kary_n2_k8_run1_train,augmented_kary_n2_k8_run1_test,0.703125,0.0,0.0,0.0,0.2225485523649003,0.13823415031656622,0.8315789473684211,0.703125,0.0,0.0,0.0,0.2225485523649003,0.13823415031656622,0.8315789473684211,0.0,0.0,0.0
5,0.6050782203674316,graphsage,full,augmented_kary_n2_k8_run1_train,augmented_kary_n2_k8_run1_test,0.703125,0.0,0.0,0.0,0.18887457364791221,0.40158625291660427,0.9789473684210526,0.996875,1.0,0.9894736842105264,0.9945945945945945,0.07935349415329314,0.22450432770184597,1.0,0.7996190476190476,1.0,0.0
10,0.5163498520851135,graphsage,full,augmented_kary_n2_k8_run1_train,augmented_kary_n2_k8_run1_test,0.703125,0.0,0.0,0.0,0.15693426724446652,0.30133234285749494,0.9789473684210526,0.9375,1.0,0.7894736842105263,0.8641269841269843,0.07289691538810833,0.1946235859533772,0.9789473684210526,0.9888888888888889,1.0,0.0
15,0.4344247579574585,graphsage,full,augmented_kary_n2_k8_run1_train,augmented_kary_n2_k8_run1_test,0.703125,0.0,0.0,0.0,0.12313369501599762,0.28097308543510735,0.9789473684210526,0.984375,1.0,0.9473684210526315,0.9710651828298887,0.029307795462739927,0.12384047378948451,0.9894736842105264,0.901060606060606,1.0,0.0
20,0.31465446949005127,graphsage,full,augmented_kary_n2_k8_run1_train,augmented_kary_n2_k8_run1_test,0.965625,0.9882352941176471,0.8947368421052632,0.9348723723723724,0.07497360648528868,0.20877087514381856,0.9789473684210526,1.0,1.0,1.0,1.0,0.029754224573757936,0.1232312723098506,1.0,0.1155072463768116,0.6,0.0
