epoch,train_loss,backbone,drop_feature,dataset,test_dataset,raw_accuracy,raw_precision,raw_recall,raw_f1,raw_brier,raw_ece,raw_topk,refined_accuracy,refined_precision,refined_recall,refined_f1,refined_brier,refined_ece,refined_topk,refinement_change_rate,refinement_corrected_rate,refinement_wrong_flip_rate
1,0.7145563364028931,graphsage,full,hypercube_n6_run2_train,hypercube_n6_run2_test,0.946875,0.9594736842105263,0.8631578947368421,0.8957807870693534,0.23825102836312667,0.43484043395146726,0.9789473684210526,0.946875,0.9594736842105263,0.8631578947368421,0.8957807870693534,0.23825102836312667,0.43484043395146726,0.9789473684210526,0.0,0.0,0.0
5,0.645986020565033,graphsage,full,hypercube_n6_run2_train,hypercube_n6_run2_test,0.771875,0.8,0.23157894736842102,0.3168831168831169,0.20675414734328773,0.21918978514149784,0.9789473684210526,0.771875,0.8,0.23157894736842102,0.3168831168831169,0.20675414734328773,0.21918978514149784,0.9789473684210526,0.0,0.0,0.0
10,0.5658888816833496,graphsage,full,hypercube_n6_run2_train,hypercube_n6_run2_test,0.759375,0.8,0.18947368421052632,0.27575757575757576,0.1677838072789579,0.36922860257327555,0.9789473684210526,1.0,1.0,1.0,1.0,0.07017404679628073,0.20392931867837544,1.0,0.5944021164021164,1.0,0.0
15,0.46611055731773376,graphsage,full,hypercube_n6_run2_train,hypercube_n6_run2_test,0.821875,1.0,0.4,0.5405602023249081,0.12198450382225216,0.30706711965613065,0.9789473684210526,1.0,1.0,1.0,1.0,0.03292833516262821,0.1420650209965129,1.0,0.47671794871794876,1.0,0.0
20,0.32720229029655457,graphsage,full,hypercube_n6_run2_train,hypercube_n6_run2_test,0.9625,0.9513784461152882,0.9263157894736842,0.9319736842105264,0.06851970988680943,0.21645785409491508,0.9789473684210526,1.0,1.0,1.0,1.0,0.03244806791612988,0.1417314444496649,1.0,0.1627211024269848,0.8,0.0
