epoch,train_loss,backbone,drop_feature,dataset,test_dataset,raw_accuracy,raw_precision,raw_recall,raw_f1,raw_brier,raw_ece,raw_topk,refined_accuracy,refined_precision,refined_recall,refined_f1,refined_brier,refined_ece,refined_topk,refinement_change_rate,refinement_corrected_rate,refinement_wrong_flip_rate
1,0.706236720085144,graphsage,full,hypercube_n6_run3_train,hypercube_n6_run3_test,0.875,1.0,0.5789473684210527,0.7099199062586159,0.23071459000430777,0.3543205751106143,1.0,0.875,1.0,0.5789473684210527,0.7099199062586159,0.23071459000430777,0.3543205751106143,1.0,0.0,0.0,0.0
5,0.625318169593811,graphsage,full,hypercube_n6_run3_train,hypercube_n6_run3_test,0.703125,0.0,0.0,0.0,0.19577298655041075,0.3366460927762091,0.9894736842105264,0.98125,1.0,0.9368421052631579,0.9666409266409266,0.08375716518557061,0.20993367931826734,0.9894736842105264,0.5821450962830272,1.0,0.0
10,0.5478465557098389,graphsage,full,hypercube_n6_run3_train,hypercube_n6_run3_test,0.703125,0.0,0.0,0.0,0.16686477966051486,0.3178617835044861,0.9894736842105264,0.8625,1.0,0.5368421052631579,0.6902162025549122,0.10894182631675182,0.22180407447740436,0.9894736842105264,0.9833333333333332,1.0,0.0
15,0.4850750267505646,graphsage,full,hypercube_n6_run3_train,hypercube_n6_run3_test,0.703125,0.0,0.0,0.0,0.13818798521003975,0.3096583287231624,0.9894736842105264,0.94375,1.0,0.8105263157894737,0.8822222222222222,0.05460704596377798,0.17298627665575747,0.9894736842105264,0.9472222222222223,1.0,0.0
20,0.3925503194332123,graphsage,full,hypercube_n6_run3_train,hypercube_n6_run3_test,0.9625,0.99,0.8842105263157896,0.9261810927845083,0.09031801585937496,0.272080205893144,0.9894736842105264,0.996875,0.99,1.0,0.9948717948717949,0.040473717034227044,0.15821662682004867,0.9894736842105264,0.09565217391304348,0.4,0.0
