epoch,train_loss,backbone,drop_feature,dataset,test_dataset,raw_accuracy,raw_precision,raw_recall,raw_f1,raw_brier,raw_ece,raw_topk,refined_accuracy,refined_precision,refined_recall,refined_f1,refined_brier,refined_ece,refined_topk,refinement_change_rate,refinement_corrected_rate,refinement_wrong_flip_rate
1,0.7108337879180908,graphsage,full,hypercube_n6_run1_train,hypercube_n6_run1_test,0.703125,0.0,0.0,0.0,0.2377270286540231,0.185356754809618,1.0,0.703125,0.0,0.0,0.0,0.2377270286540231,0.185356754809618,1.0,0.0,0.0,0.0
5,0.6440519094467163,graphsage,full,hypercube_n6_run1_train,hypercube_n6_run1_test,0.703125,0.0,0.0,0.0,0.2091383817116097,0.11899244021624326,1.0,0.703125,0.0,0.0,0.0,0.2091383817116097,0.11899244021624326,1.0,0.0,0.0,0.0
10,0.5780053734779358,graphsage,full,hypercube_n6_run1_train,hypercube_n6_run1_test,0.703125,0.0,0.0,0.0,0.1825989094098002,0.10608945144340394,1.0,0.828125,1.0,0.42105263157894735,0.5856079404466501,0.13542100513079292,0.10549188135191798,1.0,1.0,1.0,0.0
15,0.5194132328033447,graphsage,full,hypercube_n6_run1_train,hypercube_n6_run1_test,0.703125,0.0,0.0,0.0,0.16056236855498693,0.31688279095105826,0.9894736842105264,0.828125,1.0,0.42105263157894735,0.5856079404466501,0.1117120834327409,0.23879686589352786,0.9894736842105264,1.0,1.0,0.0
20,0.44026947021484375,graphsage,full,hypercube_n6_run1_train,hypercube_n6_run1_test,0.73125,0.6,0.09473684210526315,0.1476923076923077,0.12356523957387633,0.2930774731561542,0.968421052631579,0.971875,1.0,0.9052631578947368,0.9453571428571429,0.0371020472202506,0.14016940696853958,0.9894736842105264,0.8092391304347826,1.0,0.0
