epoch,train_loss,backbone,drop_feature,dataset,test_dataset,raw_accuracy,raw_precision,raw_recall,raw_f1,raw_brier,raw_ece,raw_topk,refined_accuracy,refined_precision,refined_recall,refined_f1,refined_brier,refined_ece,refined_topk,refinement_change_rate,refinement_corrected_rate,refinement_wrong_flip_rate
1,0.6992213726043701,graphsage,full,kary_n2_k8_run1_train,kary_n2_k8_run1_test,0.703125,0.0,0.0,0.0,0.2333380119516081,0.1489544921554625,0.0,0.703125,0.0,0.0,0.0,0.2333380119516081,0.1489544921554625,0.0,0.0,0.0,0.0
5,0.6446309685707092,graphsage,full,kary_n2_k8_run1_train,kary_n2_k8_run1_test,0.703125,0.0,0.0,0.0,0.21084822627027822,0.23830197434872388,0.9789473684210526,0.88125,1.0,0.6,0.7476280041797283,0.10737600573776626,0.2097010307376769,0.9894736842105264,0.29541082435819277,1.0,0.0
10,0.5898826718330383,graphsage,full,kary_n2_k8_run1_train,kary_n2_k8_run1_test,0.703125,0.0,0.0,0.0,0.18487786113882626,0.2830278675071895,0.9789473684210526,0.9625,1.0,0.8736842105263157,0.9217148182665426,0.09072719525407667,0.2080958677638421,0.9894736842105264,0.9292490118577075,1.0,0.0
15,0.5212560296058655,graphsage,full,kary_n2_k8_run1_train,kary_n2_k8_run1_test,0.703125,0.0,0.0,0.0,0.1550898758898537,0.310023130569607,0.9789473684210526,0.95,1.0,0.8315789473684211,0.8972587655751955,0.06773821732452,0.1819507770421808,0.9894736842105264,0.9536796536796537,1.0,0.0
20,0.42498043179512024,graphsage,full,kary_n2_k8_run1_train,kary_n2_k8_run1_test,0.875,0.9888888888888889,0.5894736842105263,0.6970484501518984,0.11287427286121107,0.25807381465565415,0.968421052631579,0.984375,0.99,0.9578947368421054,0.9713423831070889,0.03270767298187573,0.11546818852026845,0.9789473684210526,0.3328148148148148,1.0,0.0
