epoch,train_loss,backbone,drop_feature,dataset,test_dataset,raw_accuracy,raw_precision,raw_recall,raw_f1,raw_brier,raw_ece,raw_topk,refined_accuracy,refined_precision,refined_recall,refined_f1,refined_brier,refined_ece,refined_topk,refinement_change_rate,refinement_corrected_rate,refinement_wrong_flip_rate
1,0.7337202429771423,graphsage,full,kary_n2_k8_run2_train,kary_n2_k8_run2_test,0.703125,0.0,0.0,0.0,0.24719844823044915,0.1964312897063792,0.48421052631578937,0.703125,0.0,0.0,0.0,0.24719844823044915,0.1964312897063792,0.48421052631578937,0.0,0.0,0.0
5,0.6619451642036438,graphsage,full,kary_n2_k8_run2_train,kary_n2_k8_run2_test,0.703125,0.0,0.0,0.0,0.21495758008261662,0.13013524245470762,0.9789473684210526,0.703125,0.0,0.0,0.0,0.21495758008261662,0.13013524245470762,0.9789473684210526,0.0,0.0,0.0
10,0.5877665281295776,graphsage,full,kary_n2_k8_run2_train,kary_n2_k8_run2_test,0.703125,0.0,0.0,0.0,0.1820724118104863,0.17194789554923773,0.9789473684210526,0.90625,1.0,0.6842105263157895,0.7960262725779967,0.10935633071582944,0.16699490789324045,0.9789473684210526,0.9882352941176471,1.0,0.0
15,0.5069652795791626,graphsage,full,kary_n2_k8_run2_train,kary_n2_k8_run2_test,0.703125,0.0,0.0,0.0,0.14527781451459437,0.3184412641916424,0.9684210526315787,0.95625,1.0,0.8526315789473683,0.91232644409115,0.05729059351385444,0.17177660294579117,0.9789473684210526,0.8773333333333333,1.0,0.0
20,0.3859576880931854,graphsage,full,kary_n2_k8_run2_train,kary_n2_k8_run2_test,0.90625,0.99,0.6947368421052632,0.7819432234432234,0.09704838263296128,0.25405793176032604,0.9578947368421051,0.99375,0.99,0.9894736842105264,0.9894663894663894,0.027929850435929455,0.12001001213113574,0.9894736842105264,0.27558817993600604,0.5714285714285714,0.02857142857142857
