epoch,train_loss,backbone,drop_feature,dataset,test_dataset,raw_accuracy,raw_precision,raw_recall,raw_f1,raw_brier,raw_ece,raw_topk,refined_accuracy,refined_precision,refined_recall,refined_f1,refined_brier,refined_ece,refined_topk,refinement_change_rate,refinement_corrected_rate,refinement_wrong_flip_rate
1,0.7334164381027222,graphsage,full,kary_n2_k8_run3_train,kary_n2_k8_run3_test,0.296875,0.296875,1.0,0.45783132530120485,0.24717714786388165,0.2114148387685418,0.9263157894736841,0.296875,0.296875,1.0,0.45783132530120485,0.24717714786388165,0.2114148387685418,0.9263157894736841,0.0,0.0,0.0
5,0.6789924502372742,graphsage,full,kary_n2_k8_run3_train,kary_n2_k8_run3_test,0.703125,0.0,0.0,0.0,0.22415008856844812,0.16553925927728413,0.968421052631579,0.703125,0.0,0.0,0.0,0.22415008856844812,0.16553925927728413,0.968421052631579,0.0,0.0,0.0
10,0.635755717754364,graphsage,full,kary_n2_k8_run3_train,kary_n2_k8_run3_test,0.703125,0.0,0.0,0.0,0.20462666781983438,0.30145133938640356,0.968421052631579,0.9875,1.0,0.9578947368421054,0.9777777777777779,0.083191383560422,0.1940240214203252,0.9894736842105264,0.5358812472357364,1.0,0.0
15,0.5901667475700378,graphsage,full,kary_n2_k8_run3_train,kary_n2_k8_run3_test,0.703125,0.0,0.0,0.0,0.18235778994872875,0.11821475951001048,0.968421052631579,0.859375,0.9818181818181818,0.5368421052631578,0.6902139208173691,0.12787210944972824,0.14182403553277254,0.968421052631579,1.0,0.9818181818181818,0.01818181818181818
20,0.5368306636810303,graphsage,full,kary_n2_k8_run3_train,kary_n2_k8_run3_test,0.703125,0.0,0.0,0.0,0.1576241875405862,0.3098197631072253,0.9578947368421054,0.859375,0.9818181818181818,0.5368421052631578,0.6902139208173691,0.10262151982110226,0.21836755662225188,0.9578947368421054,1.0,0.9818181818181818,0.01818181818181818
