epoch,train_loss,backbone,drop_feature,dataset,test_dataset,raw_accuracy,raw_precision,raw_recall,raw_f1,raw_brier,raw_ece,raw_topk,refined_accuracy,refined_precision,refined_recall,refined_f1,refined_brier,refined_ece,refined_topk,refinement_change_rate,refinement_corrected_rate,refinement_wrong_flip_rate
1,0.7140322327613831,graphsage,dispersion,augmented_kary_n2_k8_run1_train,augmented_kary_n2_k8_run1_test,0.703125,0.0,0.0,0.0,0.23791751861746455,0.1791413130238652,1.0,0.703125,0.0,0.0,0.0,0.23791751861746455,0.1791413130238652,1.0,0.0,0.0,0.0
5,0.6420770883560181,graphsage,dispersion,augmented_kary_n2_k8_run1_train,augmented_kary_n2_k8_run1_test,0.703125,0.0,0.0,0.0,0.20719524482628837,0.13606300773099064,0.968421052631579,0.840625,1.0,0.4631578947368421,0.616055944055944,0.11311590926235038,0.1478559386977108,0.9789473684210526,0.18965096569873768,1.0,0.0
10,0.56785649061203,graphsage,dispersion,augmented_kary_n2_k8_run1_train,augmented_kary_n2_k8_run1_test,0.703125,0.0,0.0,0.0,0.177391129994672,0.16313700871542097,0.968421052631579,0.840625,1.0,0.4631578947368421,0.6291777188328912,0.12699208812969848,0.12631935896351934,0.968421052631579,1.0,1.0,0.0
15,0.490518182516098,graphsage,dispersion,augmented_kary_n2_k8_run1_train,augmented_kary_n2_k8_run1_test,0.703125,0.0,0.0,0.0,0.15288306294365434,0.3190834037493914,0.968421052631579,0.834375,1.0,0.4421052631578948,0.6097652028686511,0.10359033990487938,0.2386742205824703,0.968421052631579,1.0,1.0,0.0
20,0.39166060090065,graphsage,dispersion,augmented_kary_n2_k8_run1_train,augmented_kary_n2_k8_run1_test,0.7875,1.0,0.28421052631578947,0.42725752508361203,0.11041534645272481,0.264301505475305,0.968421052631579,1.0,1.0,1.0,1.0,0.019199406360102565,0.10705963973724739,1.0,0.626152337365152,1.0,0.0
