epoch,train_loss,backbone,drop_feature,dataset,test_dataset,raw_accuracy,raw_precision,raw_recall,raw_f1,raw_brier,raw_ece,raw_topk,refined_accuracy,refined_precision,refined_recall,refined_f1,refined_brier,refined_ece,refined_topk,refinement_change_rate,refinement_corrected_rate,refinement_wrong_flip_rate
1,0.6969050765037537,graphsage,dispersion,augmented_kary_n2_k8_run2_train,augmented_kary_n2_k8_run2_test,0.703125,0.0,0.0,0.0,0.22898609036164821,0.13346927147358656,0.010526315789473684,0.703125,0.0,0.0,0.0,0.22898609036164821,0.13346927147358656,0.010526315789473684,0.0,0.0,0.0
5,0.6200780868530273,graphsage,dispersion,augmented_kary_n2_k8_run2_train,augmented_kary_n2_k8_run2_test,0.703125,0.0,0.0,0.0,0.19749989533098006,0.057057917956262826,0.968421052631579,0.8125,1.0,0.3684210526315789,0.5384615384615384,0.1557757231516189,0.12461171764880422,0.968421052631579,1.0,1.0,0.0
10,0.5526199340820312,graphsage,dispersion,augmented_kary_n2_k8_run2_train,augmented_kary_n2_k8_run2_test,0.703125,0.0,0.0,0.0,0.17265119100827636,0.34480200838297603,0.968421052631579,0.8125,1.0,0.3684210526315789,0.5384615384615384,0.12609876047870333,0.2734486795961857,0.968421052631579,1.0,1.0,0.0
15,0.47719651460647583,graphsage,dispersion,augmented_kary_n2_k8_run2_train,augmented_kary_n2_k8_run2_test,0.703125,0.0,0.0,0.0,0.13790360430076265,0.2979019668418914,0.968421052631579,0.946875,0.9857142857142858,0.8315789473684211,0.8931313131313132,0.052517340243777764,0.16594998433288458,0.9894736842105264,0.9,0.9857142857142858,0.014285714285714285
20,0.36659204959869385,graphsage,dispersion,augmented_kary_n2_k8_run2_train,augmented_kary_n2_k8_run2_test,0.915625,0.9789473684210526,0.7368421052631577,0.8098056992793834,0.09057093649261419,0.22021371010923757,0.968421052631579,1.0,1.0,1.0,1.0,0.015556502619518697,0.08678174027982426,1.0,0.22950377802551714,1.0,0.0
