epoch,train_loss,backbone,drop_feature,dataset,test_dataset,raw_accuracy,raw_precision,raw_recall,raw_f1,raw_brier,raw_ece,raw_topk,refined_accuracy,refined_precision,refined_recall,refined_f1,refined_brier,refined_ece,refined_topk,refinement_change_rate,refinement_corrected_rate,refinement_wrong_flip_rate
1,0.6913504004478455,graphsage,dispersion,augmented_kary_n2_k8_run3_train,augmented_kary_n2_k8_run3_test,0.703125,0.0,0.0,0.0,0.2285056780137929,0.1665599917061627,0.9894736842105264,0.703125,0.0,0.0,0.0,0.2285056780137929,0.1665599917061627,0.9894736842105264,0.0,0.0,0.0
5,0.627643883228302,graphsage,dispersion,augmented_kary_n2_k8_run3_train,augmented_kary_n2_k8_run3_test,0.703125,0.0,0.0,0.0,0.19935538762626792,0.2377361691556871,0.9894736842105264,0.921875,1.0,0.7368421052631579,0.8453883371530431,0.09253525062831744,0.18006648235827027,1.0,0.37344012204424104,1.0,0.0
10,0.5531105995178223,graphsage,dispersion,augmented_kary_n2_k8_run3_train,augmented_kary_n2_k8_run3_test,0.703125,0.0,0.0,0.0,0.16476390458966947,0.33105333968997,0.9894736842105264,0.99375,1.0,0.9789473684210526,0.9891891891891891,0.0614894444049849,0.19743276366027246,1.0,0.8752811376266754,1.0,0.0
15,0.46983206272125244,graphsage,dispersion,augmented_kary_n2_k8_run3_train,augmented_kary_n2_k8_run3_test,0.703125,0.0,0.0,0.0,0.12974455700294135,0.3014245317783207,0.9894736842105264,0.99375,1.0,0.9789473684210526,0.9891891891891891,0.03244573418285312,0.14007849227949107,0.9894736842105264,0.9219696969696969,1.0,0.0
20,0.3590754568576813,graphsage,dispersion,augmented_kary_n2_k8_run3_train,augmented_kary_n2_k8_run3_test,0.975,1.0,0.9157894736842105,0.9542483660130718,0.07859744268327776,0.23815712241921574,0.9894736842105264,1.0,1.0,1.0,1.0,0.02974883602327392,0.1298881991535758,1.0,0.07072463768115941,0.6,0.0
