epoch,train_loss,backbone,drop_feature,dataset,test_dataset,raw_accuracy,raw_precision,raw_recall,raw_f1,raw_brier,raw_ece,raw_topk,refined_accuracy,refined_precision,refined_recall,refined_f1,refined_brier,refined_ece,refined_topk,refinement_change_rate,refinement_corrected_rate,refinement_wrong_flip_rate
1,0.704200029373169,graphsage,full,augmented_kary_n2_k8_run1_train,augmented_kary_n2_k8_run1_test,0.703125,0.0,0.0,0.0,0.23816844215368854,0.18625091183930637,0.9789473684210526,0.703125,0.0,0.0,0.0,0.23816844215368854,0.18625091183930637,0.9789473684210526,0.0,0.0,0.0
5,0.6505305767059326,graphsage,full,augmented_kary_n2_k8_run1_train,augmented_kary_n2_k8_run1_test,0.703125,0.0,0.0,0.0,0.21240887053025842,0.13314517987892033,0.9789473684210526,0.703125,0.0,0.0,0.0,0.21240887053025842,0.13314517987892033,0.9789473684210526,0.0,0.0,0.0
10,0.5863653421401978,graphsage,full,augmented_kary_n2_k8_run1_train,augmented_kary_n2_k8_run1_test,0.703125,0.0,0.0,0.0,0.1851194876052024,0.17594159049913288,0.968421052631579,0.903125,1.0,0.6736842105263158,0.7943683692070789,0.11347858536549608,0.1731754658743739,0.968421052631579,1.0,1.0,0.0
15,0.5284316539764404,graphsage,full,augmented_kary_n2_k8_run1_train,augmented_kary_n2_k8_run1_test,0.703125,0.0,0.0,0.0,0.16803188708418076,0.3403459567110986,0.968421052631579,0.8125,1.0,0.3684210526315789,0.5384615384615384,0.12249004365521302,0.2697766298893839,0.968421052631579,1.0,1.0,0.0
20,0.465974360704422,graphsage,full,augmented_kary_n2_k8_run1_train,augmented_kary_n2_k8_run1_test,0.703125,0.0,0.0,0.0,0.14164393029640016,0.30589600377716125,0.968421052631579,0.9,1.0,0.6631578947368421,0.7909161815196298,0.07190756153487285,0.18878797660581767,0.968421052631579,1.0,1.0,0.0
