epoch,train_loss,backbone,drop_feature,dataset,test_dataset,raw_accuracy,raw_precision,raw_recall,raw_f1,raw_brier,raw_ece,raw_topk,refined_accuracy,refined_precision,refined_recall,refined_f1,refined_brier,refined_ece,refined_topk,refinement_change_rate,refinement_corrected_rate,refinement_wrong_flip_rate
1,0.701876699924469,graphsage,match,augmented_kary_n2_k8_run3_train,augmented_kary_n2_k8_run3_test,0.703125,0.0,0.0,0.0,0.23654611520005045,0.16909142499789595,0.8736842105263157,0.703125,0.0,0.0,0.0,0.23654611520005045,0.16909142499789595,0.8736842105263157,0.0,0.0,0.0
5,0.6582918763160706,graphsage,match,augmented_kary_n2_k8_run3_train,augmented_kary_n2_k8_run3_test,0.703125,0.0,0.0,0.0,0.21566111659227602,0.13144909096881746,1.0,0.703125,0.0,0.0,0.0,0.21566111659227602,0.13144909096881746,1.0,0.0,0.0,0.0
10,0.6042688488960266,graphsage,match,augmented_kary_n2_k8_run3_train,augmented_kary_n2_k8_run3_test,0.703125,0.0,0.0,0.0,0.18913807440252314,0.419201985001564,1.0,0.99375,1.0,0.9789473684210526,0.9891891891891891,0.08139898600940272,0.22676837629400798,1.0,0.7818840579710145,1.0,0.0
15,0.5397582650184631,graphsage,match,augmented_kary_n2_k8_run3_train,augmented_kary_n2_k8_run3_test,0.703125,0.0,0.0,0.0,0.1604726284899039,0.32891246108338235,1.0,0.95,1.0,0.8315789473684211,0.8972587655751957,0.07185785002986149,0.18177514346317483,1.0,0.9583333333333333,1.0,0.0
20,0.45498666167259216,graphsage,match,augmented_kary_n2_k8_run3_train,augmented_kary_n2_k8_run3_test,0.834375,1.0,0.44210526315789467,0.5439241917502787,0.11543885904356117,0.31032366324216126,1.0,1.0,1.0,1.0,1.0,0.03355710910806241,0.14356436690068825,1.0,0.4481884057971014,0.8,0.0
