epoch,train_loss,backbone,drop_feature,dataset,test_dataset,raw_accuracy,raw_precision,raw_recall,raw_f1,raw_brier,raw_ece,raw_topk,refined_accuracy,refined_precision,refined_recall,refined_f1,refined_brier,refined_ece,refined_topk,refinement_change_rate,refinement_corrected_rate,refinement_wrong_flip_rate
1,0.6975477933883667,graphsage,mismatch,augmented_kary_n2_k8_run3_train,augmented_kary_n2_k8_run3_test,0.703125,0.0,0.0,0.0,0.2327060444798718,0.16333846803754568,0.894736842105263,0.703125,0.0,0.0,0.0,0.2327060444798718,0.16333846803754568,0.894736842105263,0.0,0.0,0.0
5,0.6429681777954102,graphsage,mismatch,augmented_kary_n2_k8_run3_train,augmented_kary_n2_k8_run3_test,0.703125,0.0,0.0,0.0,0.2089721010090151,0.3219204694032669,0.9578947368421054,0.959375,1.0,0.8631578947368421,0.9259943977591037,0.0888493482434978,0.20656094597116348,1.0,0.49896911574330927,1.0,0.0
10,0.592220664024353,graphsage,mismatch,augmented_kary_n2_k8_run3_train,augmented_kary_n2_k8_run3_test,0.703125,0.0,0.0,0.0,0.18849083234231195,0.27531363274902104,0.9578947368421054,0.8125,1.0,0.3684210526315789,0.5384615384615384,0.14222383787591286,0.20417816415429116,0.9578947368421054,1.0,1.0,0.0
15,0.5611777901649475,graphsage,mismatch,augmented_kary_n2_k8_run3_train,augmented_kary_n2_k8_run3_test,0.703125,0.0,0.0,0.0,0.17882388310886677,0.2146469640545547,0.968421052631579,0.8125,1.0,0.3684210526315789,0.5384615384615384,0.1264116893525767,0.13893879586830735,0.968421052631579,1.0,1.0,0.0
20,0.5135161280632019,graphsage,mismatch,augmented_kary_n2_k8_run3_train,augmented_kary_n2_k8_run3_test,0.703125,0.0,0.0,0.0,0.1532799727789019,0.31631283247843384,0.968421052631579,0.821875,1.0,0.4,0.5687002652519892,0.10802326606823595,0.24301853319630026,0.968421052631579,1.0,1.0,0.0
