epoch,train_loss,backbone,drop_feature,dataset,test_dataset,raw_accuracy,raw_precision,raw_recall,raw_f1,raw_brier,raw_ece,raw_topk,refined_accuracy,refined_precision,refined_recall,refined_f1,refined_brier,refined_ece,refined_topk,refinement_change_rate,refinement_corrected_rate,refinement_wrong_flip_rate
1,0.6716198325157166,graphsage,match,augmented_kary_n2_k8_run2_train,augmented_kary_n2_k8_run2_test,0.703125,0.0,0.0,0.0,0.2198190360670536,0.1333759524859488,0.9789473684210526,0.703125,0.0,0.0,0.0,0.2198190360670536,0.1333759524859488,0.9789473684210526,0.0,0.0,0.0
5,0.6102079749107361,graphsage,match,augmented_kary_n2_k8_run2_train,augmented_kary_n2_k8_run2_test,0.703125,0.0,0.0,0.0,0.194127972590926,0.08085141656920314,1.0,0.825,1.0,0.41052631578947374,0.5774358974358973,0.14973371107115582,0.13578941896557808,1.0,1.0,1.0,0.0
10,0.5543837547302246,graphsage,match,augmented_kary_n2_k8_run2_train,augmented_kary_n2_k8_run2_test,0.703125,0.0,0.0,0.0,0.17185383661250375,0.35863852333277463,0.9894736842105264,0.8125,1.0,0.3684210526315789,0.5384615384615384,0.12897848437684978,0.2901664776727557,0.9894736842105264,1.0,1.0,0.0
15,0.4743475914001465,graphsage,match,augmented_kary_n2_k8_run2_train,augmented_kary_n2_k8_run2_test,0.703125,0.0,0.0,0.0,0.1365035697169496,0.3272459310479462,0.9894736842105264,0.984375,1.0,0.9473684210526315,0.9723723723723724,0.04135358081850849,0.15555032414874087,0.9894736842105264,0.85,1.0,0.0
20,0.3563113808631897,graphsage,match,augmented_kary_n2_k8_run2_train,augmented_kary_n2_k8_run2_test,0.959375,1.0,0.8631578947368421,0.9163636363636364,0.08297424164853265,0.24699963629245758,0.9894736842105264,0.996875,1.0,0.9894736842105264,0.9945945945945945,0.027449017101436723,0.12372075337887192,1.0,0.10181159420289856,0.4,0.0
