epoch,train_loss,backbone,drop_feature,dataset,test_dataset,raw_accuracy,raw_precision,raw_recall,raw_f1,raw_brier,raw_ece,raw_topk,refined_accuracy,refined_precision,refined_recall,refined_f1,refined_brier,refined_ece,refined_topk,refinement_change_rate,refinement_corrected_rate,refinement_wrong_flip_rate
1,0.7117817401885986,graphsage,match,augmented_kary_n2_k8_run1_train,augmented_kary_n2_k8_run1_test,0.703125,0.0,0.0,0.0,0.23932074329079858,0.18152575204148888,0.968421052631579,0.703125,0.0,0.0,0.0,0.23932074329079858,0.18152575204148888,0.968421052631579,0.0,0.0,0.0
5,0.65678870677948,graphsage,match,augmented_kary_n2_k8_run1_train,augmented_kary_n2_k8_run1_test,0.703125,0.0,0.0,0.0,0.21508120143111817,0.12916279891505839,0.9894736842105264,0.703125,0.0,0.0,0.0,0.21508120143111817,0.12916279891505839,0.9894736842105264,0.0,0.0,0.0
10,0.5942113399505615,graphsage,match,augmented_kary_n2_k8_run1_train,augmented_kary_n2_k8_run1_test,0.703125,0.0,0.0,0.0,0.18561882208784355,0.28116726484149696,0.9894736842105264,0.971875,1.0,0.9052631578947368,0.9477750477750477,0.0888794125128622,0.21577796877899588,0.9894736842105264,0.9727272727272727,1.0,0.0
15,0.5104351043701172,graphsage,match,augmented_kary_n2_k8_run1_train,augmented_kary_n2_k8_run1_test,0.703125,0.0,0.0,0.0,0.15519513724292394,0.3255734127480537,0.9894736842105264,0.9,1.0,0.6631578947368422,0.7886626635013732,0.08492838361313411,0.2081227011512965,0.9894736842105264,1.0,1.0,0.0
20,0.4073794484138489,graphsage,match,augmented_kary_n2_k8_run1_train,augmented_kary_n2_k8_run1_test,0.803125,1.0,0.3368421052631579,0.48529585712194406,0.11043487984903881,0.2745962091954425,0.968421052631579,1.0,1.0,1.0,1.0,0.02378687305316764,0.11816139185438837,1.0,0.5293123543123543,1.0,0.0
