epoch,train_loss,backbone,drop_feature,dataset,test_dataset,raw_accuracy,raw_precision,raw_recall,raw_f1,raw_brier,raw_ece,raw_topk,refined_accuracy,refined_precision,refined_recall,refined_f1,refined_brier,refined_ece,refined_topk,refinement_change_rate,refinement_corrected_rate,refinement_wrong_flip_rate
1,0.6856908798217773,graphsage,mismatch,augmented_kary_n2_k8_run2_train,augmented_kary_n2_k8_run2_test,0.703125,0.0,0.0,0.0,0.22493520174729217,0.1329820703715086,0.8842105263157893,0.703125,0.0,0.0,0.0,0.22493520174729217,0.1329820703715086,0.8842105263157893,0.0,0.0,0.0
5,0.6148557066917419,graphsage,mismatch,augmented_kary_n2_k8_run2_train,augmented_kary_n2_k8_run2_test,0.703125,0.0,0.0,0.0,0.19712983067029596,0.038638264313340186,0.9894736842105264,0.8125,1.0,0.3684210526315789,0.5384615384615384,0.15266621645684966,0.10837385701015592,0.9894736842105264,1.0,1.0,0.0
10,0.5708574652671814,graphsage,mismatch,augmented_kary_n2_k8_run2_train,augmented_kary_n2_k8_run2_test,0.703125,0.0,0.0,0.0,0.18607671801104128,0.1430901878979057,0.9789473684210526,0.8125,1.0,0.3684210526315789,0.5384615384615384,0.13047283841756208,0.06689437846653164,0.9789473684210526,1.0,1.0,0.0
15,0.5331202745437622,graphsage,mismatch,augmented_kary_n2_k8_run2_train,augmented_kary_n2_k8_run2_test,0.703125,0.0,0.0,0.0,0.16801328383000488,0.3000801613088697,0.9894736842105264,0.8125,1.0,0.3684210526315789,0.5384615384615384,0.11845038338265494,0.22646231767721475,0.9894736842105264,1.0,1.0,0.0
20,0.4666597843170166,graphsage,mismatch,augmented_kary_n2_k8_run2_train,augmented_kary_n2_k8_run2_test,0.703125,0.0,0.0,0.0,0.13778418434208847,0.3145307662896812,0.9894736842105264,0.9375,1.0,0.7894736842105263,0.8721770662287904,0.05474530212134574,0.17380475425171507,0.9894736842105264,0.980952380952381,1.0,0.0
