epoch,train_loss,backbone,drop_feature,dataset,test_dataset,raw_accuracy,raw_precision,raw_recall,raw_f1,raw_brier,raw_ece,raw_topk,refined_accuracy,refined_precision,refined_recall,refined_f1,refined_brier,refined_ece,refined_topk,refinement_change_rate,refinement_corrected_rate,refinement_wrong_flip_rate
1,0.6836202144622803,graphsage,full,augmented_kary_n2_k8_run2_train,augmented_kary_n2_k8_run2_test,0.703125,0.0,0.0,0.0,0.22513848080968488,0.16385688045993446,0.9894736842105264,0.703125,0.0,0.0,0.0,0.22513848080968488,0.16385688045993446,0.9894736842105264,0.0,0.0,0.0
5,0.6156054139137268,graphsage,full,augmented_kary_n2_k8_run2_train,augmented_kary_n2_k8_run2_test,0.703125,0.0,0.0,0.0,0.19220098298239854,0.4001001820899546,0.9894736842105264,0.978125,1.0,0.9263157894736842,0.9612612612612613,0.09112109877806687,0.2332686798299691,1.0,0.6741237281237281,1.0,0.0
10,0.5257045030593872,graphsage,full,augmented_kary_n2_k8_run2_train,augmented_kary_n2_k8_run2_test,0.703125,0.0,0.0,0.0,0.1586701498042121,0.3405293387360871,0.9894736842105264,0.95,1.0,0.8315789473684211,0.8950256290773533,0.07138106604684691,0.20780557440625697,0.9894736842105264,0.9565217391304348,1.0,0.0
15,0.43916207551956177,graphsage,full,augmented_kary_n2_k8_run2_train,augmented_kary_n2_k8_run2_test,0.703125,0.0,0.0,0.0,0.12460772997134743,0.2904350834898651,0.9894736842105264,0.9625,1.0,0.8736842105263157,0.9296510414157473,0.03758725700360029,0.13656748111445158,0.9894736842105264,0.8881884057971015,1.0,0.0
20,0.31971293687820435,graphsage,full,augmented_kary_n2_k8_run2_train,augmented_kary_n2_k8_run2_test,0.9625,1.0,0.8736842105263157,0.9245356793743891,0.07353294740484953,0.22199484365992248,0.9894736842105264,0.990625,1.0,0.968421052631579,0.9834834834834835,0.023393511430232432,0.10666604388643189,1.0,0.11767676767676769,0.4,0.2
