epoch,train_loss,backbone,drop_feature,dataset,test_dataset,raw_accuracy,raw_precision,raw_recall,raw_f1,raw_brier,raw_ece,raw_topk,refined_accuracy,refined_precision,refined_recall,refined_f1,refined_brier,refined_ece,refined_topk,refinement_change_rate,refinement_corrected_rate,refinement_wrong_flip_rate
1,0.7967481017112732,graphsage,dispersion,hypercube_n6_run1_train,hypercube_n6_run1_test,0.296875,0.296875,1.0,0.45783132530120485,0.26834621644208007,0.2557992979884148,0.9789473684210528,0.296875,0.296875,1.0,0.45783132530120485,0.26834621644208007,0.2557992979884148,0.9789473684210528,0.0,0.0,0.0
5,0.6968536376953125,graphsage,dispersion,hypercube_n6_run1_train,hypercube_n6_run1_test,0.95625,1.0,0.8526315789473683,0.917403474903475,0.22916150798614193,0.4344229942187667,0.9789473684210528,0.95625,1.0,0.8526315789473683,0.917403474903475,0.22916150798614193,0.4344229942187667,0.9789473684210528,0.0,0.0,0.0
10,0.6224431395530701,graphsage,dispersion,hypercube_n6_run1_train,hypercube_n6_run1_test,0.703125,0.0,0.0,0.0,0.19683183901836704,0.2738636527210474,0.968421052631579,0.9375,1.0,0.7894736842105263,0.8688492063492064,0.08608453439153332,0.2034739841928026,1.0,0.44393613858574926,1.0,0.0
15,0.5459917187690735,graphsage,dispersion,hypercube_n6_run1_train,hypercube_n6_run1_test,0.703125,0.0,0.0,0.0,0.1648156829956049,0.3340506564825773,0.968421052631579,0.99375,0.9894736842105264,0.9894736842105264,0.9894736842105264,0.06500096182954876,0.20031208277368046,0.9894736842105264,0.8785714285714284,0.9894736842105264,0.010526315789473684
20,0.45345067977905273,graphsage,dispersion,hypercube_n6_run1_train,hypercube_n6_run1_test,0.775,0.8,0.24210526315789474,0.33190287972896665,0.1262056382572781,0.29486706843599675,0.968421052631579,1.0,1.0,1.0,1.0,0.0319642240941809,0.1410165669301727,1.0,0.6532373423677771,1.0,0.0
