epoch,train_loss,backbone,drop_feature,dataset,test_dataset,raw_accuracy,raw_precision,raw_recall,raw_f1,raw_brier,raw_ece,raw_topk,refined_accuracy,refined_precision,refined_recall,refined_f1,refined_brier,refined_ece,refined_topk,refinement_change_rate,refinement_corrected_rate,refinement_wrong_flip_rate
1,0.7041899561882019,graphsage,full,hypercube_n6_run1_train,hypercube_n6_run1_test,0.703125,0.0,0.0,0.0,0.23508068177219704,0.16501953108236195,0.894736842105263,0.703125,0.0,0.0,0.0,0.23508068177219704,0.16501953108236195,0.894736842105263,0.0,0.0,0.0
5,0.6499775052070618,graphsage,full,hypercube_n6_run1_train,hypercube_n6_run1_test,0.703125,0.0,0.0,0.0,0.21253345057354914,0.114379851706326,0.9789473684210528,0.703125,0.0,0.0,0.0,0.20949207756732596,0.10682880337230678,0.9789473684210528,0.0,0.0,0.0
10,0.5950725674629211,graphsage,full,hypercube_n6_run1_train,hypercube_n6_run1_test,0.703125,0.0,0.0,0.0,0.18949467597924138,0.06618142575025558,0.9789473684210528,0.825,1.0,0.41052631578947363,0.5795264760782002,0.1441476681076671,0.12183950897306203,0.9789473684210528,1.0,1.0,0.0
15,0.5384061932563782,graphsage,full,hypercube_n6_run1_train,hypercube_n6_run1_test,0.703125,0.0,0.0,0.0,0.1677019192116749,0.3429146040230989,0.9789473684210528,0.8125,1.0,0.3684210526315789,0.5384615384615384,0.12394599620809803,0.2737553886137903,0.9789473684210528,1.0,1.0,0.0
20,0.45847225189208984,graphsage,full,hypercube_n6_run1_train,hypercube_n6_run1_test,0.70625,0.2,0.010526315789473684,0.02,0.13235938656995047,0.3075313253328204,0.9789473684210528,0.965625,0.9882352941176471,0.8947368421052632,0.9363636363636363,0.04555497747114691,0.15732946330683822,0.9789473684210528,0.9374741200828158,0.9882352941176471,0.011764705882352941
