epoch,train_loss,backbone,drop_feature,dataset,test_dataset,raw_accuracy,raw_precision,raw_recall,raw_f1,raw_brier,raw_ece,raw_topk,refined_accuracy,refined_precision,refined_recall,refined_f1,refined_brier,refined_ece,refined_topk,refinement_change_rate,refinement_corrected_rate,refinement_wrong_flip_rate
1,0.8097479343414307,graphsage,mismatch,hypercube_n6_run1_train,hypercube_n6_run1_test,0.296875,0.296875,1.0,0.45783132530120485,0.27387866378366094,0.250483863055706,0.0,0.296875,0.296875,1.0,0.45783132530120485,0.27387866378366094,0.250483863055706,0.0,0.0,0.0,0.0
5,0.6999809145927429,graphsage,mismatch,hypercube_n6_run1_train,hypercube_n6_run1_test,0.703125,0.0,0.0,0.0,0.23152451925373518,0.17516376823186874,0.968421052631579,0.703125,0.0,0.0,0.0,0.23152451925373518,0.17516376823186874,0.968421052631579,0.0,0.0,0.0
10,0.6128931641578674,graphsage,mismatch,hypercube_n6_run1_train,hypercube_n6_run1_test,0.703125,0.0,0.0,0.0,0.19428626444579972,0.2985933012329042,0.9894736842105264,0.971875,1.0,0.9052631578947368,0.9459834834834835,0.09928032317964079,0.23067209236323832,0.9894736842105264,0.9727272727272727,1.0,0.0
15,0.5498619079589844,graphsage,mismatch,hypercube_n6_run1_train,hypercube_n6_run1_test,0.703125,0.0,0.0,0.0,0.17575301378188524,0.31878946744836867,0.9894736842105264,0.8125,1.0,0.3684210526315789,0.5384615384615384,0.12827604473728282,0.24675463079474866,0.9894736842105264,1.0,1.0,0.0
20,0.5015958547592163,graphsage,mismatch,hypercube_n6_run1_train,hypercube_n6_run1_test,0.703125,0.0,0.0,0.0,0.16072878247050199,0.29411720628850163,0.9894736842105264,0.825,1.0,0.41052631578947363,0.5795264760782002,0.10997608349993156,0.2155336075928062,0.9894736842105264,1.0,1.0,0.0
