epoch,train_loss,backbone,drop_feature,dataset,test_dataset,raw_accuracy,raw_precision,raw_recall,raw_f1,raw_brier,raw_ece,raw_topk,refined_accuracy,refined_precision,refined_recall,refined_f1,refined_brier,refined_ece,refined_topk,refinement_change_rate,refinement_corrected_rate,refinement_wrong_flip_rate
1,0.6436311602592468,graphsage,mismatch,hypercube_n6_run3_train,hypercube_n6_run3_test,0.703125,0.0,0.0,0.0,0.20458560874866222,0.41571883764117956,0.968421052631579,0.996875,1.0,0.9894736842105264,0.9945945945945945,0.08882897578048488,0.23015362432023556,1.0,0.7180968660968661,1.0,0.0
5,0.5806720852851868,graphsage,mismatch,hypercube_n6_run3_train,hypercube_n6_run3_test,0.703125,0.0,0.0,0.0,0.181989844449095,0.3463016526773572,0.968421052631579,0.8125,1.0,0.3684210526315789,0.5384615384615384,0.13777095347313187,0.27676304914057254,0.968421052631579,1.0,1.0,0.0
10,0.5427579879760742,graphsage,mismatch,hypercube_n6_run3_train,hypercube_n6_run3_test,0.703125,0.0,0.0,0.0,0.17074645053816292,0.26148719396442177,0.968421052631579,0.8125,1.0,0.3684210526315789,0.5384615384615384,0.1220802476292256,0.1885453287512064,0.968421052631579,1.0,1.0,0.0
15,0.49288520216941833,graphsage,mismatch,hypercube_n6_run3_train,hypercube_n6_run3_test,0.703125,0.0,0.0,0.0,0.14570087193259992,0.31995899891480806,0.9789473684210526,0.9,1.0,0.6631578947368422,0.7779310344827586,0.07434526283538924,0.20150514421984553,0.9789473684210526,1.0,1.0,0.0
20,0.41875460743904114,graphsage,mismatch,hypercube_n6_run3_train,hypercube_n6_run3_test,0.796875,1.0,0.3157894736842105,0.4385254377419585,0.10977414975984992,0.2734545993618667,0.9894736842105264,0.996875,1.0,0.9894736842105264,0.9945945945945945,0.020844959692715166,0.1153592268670189,1.0,0.6257518796992481,1.0,0.0
