epoch,train_loss,backbone,drop_feature,dataset,test_dataset,raw_accuracy,raw_precision,raw_recall,raw_f1,raw_brier,raw_ece,raw_topk,refined_accuracy,refined_precision,refined_recall,refined_f1,refined_brier,refined_ece,refined_topk,refinement_change_rate,refinement_corrected_rate,refinement_wrong_flip_rate
1,0.7337754964828491,graphsage,full,hypercube_n6_run3_train,hypercube_n6_run3_test,0.703125,0.0,0.0,0.0,0.2472084667928011,0.19633762147277595,0.4526315789473684,0.703125,0.0,0.0,0.0,0.2472084667928011,0.19633762147277595,0.4526315789473684,0.0,0.0,0.0
5,0.6619733572006226,graphsage,full,hypercube_n6_run3_train,hypercube_n6_run3_test,0.703125,0.0,0.0,0.0,0.21482161755494406,0.1304301729425788,0.9789473684210526,0.703125,0.0,0.0,0.0,0.21482161755494406,0.1304301729425788,0.9789473684210526,0.0,0.0,0.0
10,0.5868387222290039,graphsage,full,hypercube_n6_run3_train,hypercube_n6_run3_test,0.703125,0.0,0.0,0.0,0.18097912357914053,0.19421367021277547,0.968421052631579,0.91875,1.0,0.7263157894736841,0.8284161815196299,0.10327070185025829,0.17313591057220676,0.968421052631579,0.980952380952381,1.0,0.0
15,0.5055407881736755,graphsage,full,hypercube_n6_run3_train,hypercube_n6_run3_test,0.703125,0.0,0.0,0.0,0.14186001870050596,0.3213616531342268,0.968421052631579,0.984375,1.0,0.9473684210526315,0.9720463320463321,0.0450834649974343,0.15886749853214127,0.9894736842105264,0.8878070175438596,1.0,0.0
20,0.38468241691589355,graphsage,full,hypercube_n6_run3_train,hypercube_n6_run3_test,0.9375,1.0,0.7894736842105263,0.8675420168067227,0.09109347542831649,0.24688733429647983,0.968421052631579,1.0,1.0,1.0,1.0,0.024990012708359443,0.1208301176100672,1.0,0.16417391304347828,0.6,0.0
