epoch,train_loss,backbone,drop_feature,dataset,test_dataset,raw_accuracy,raw_precision,raw_recall,raw_f1,raw_brier,raw_ece,raw_topk,refined_accuracy,refined_precision,refined_recall,refined_f1,refined_brier,refined_ece,refined_topk,refinement_change_rate,refinement_corrected_rate,refinement_wrong_flip_rate
1,0.7575743198394775,graphsage,dispersion,hypercube_n6_run2_train,hypercube_n6_run2_test,0.296875,0.296875,1.0,0.45783132530120485,0.2588565200541141,0.22094032485038043,0.0,0.296875,0.296875,1.0,0.45783132530120485,0.2588565200541141,0.22094032485038043,0.0,0.0,0.0,0.0
5,0.6697693467140198,graphsage,dispersion,hypercube_n6_run2_train,hypercube_n6_run2_test,0.703125,0.0,0.0,0.0,0.2189108219848077,0.14434643359854818,0.9894736842105264,0.703125,0.0,0.0,0.0,0.2189108219848077,0.14434643359854818,0.9894736842105264,0.0,0.0,0.0
10,0.5890951156616211,graphsage,dispersion,hypercube_n6_run2_train,hypercube_n6_run2_test,0.703125,0.0,0.0,0.0,0.1855486598219966,0.14259213786572217,0.968421052631579,0.8125,1.0,0.3684210526315789,0.5384615384615384,0.1430097977714412,0.10399522129446268,0.968421052631579,1.0,1.0,0.0
15,0.5359682440757751,graphsage,dispersion,hypercube_n6_run2_train,hypercube_n6_run2_test,0.703125,0.0,0.0,0.0,0.1676796479127142,0.28113801847212017,0.9578947368421051,0.8125,1.0,0.3684210526315789,0.5384615384615384,0.11930634310133467,0.20840549194253982,0.9578947368421051,1.0,1.0,0.0
20,0.4701769948005676,graphsage,dispersion,hypercube_n6_run2_train,hypercube_n6_run2_test,0.703125,0.0,0.0,0.0,0.13031063698354725,0.2987345358356833,0.9578947368421051,0.99375,1.0,0.9789473684210526,0.9891891891891891,0.030265628494443066,0.13604059990104223,1.0,0.8926357395464948,1.0,0.0
