epoch,train_loss,backbone,drop_feature,dataset,test_dataset,raw_accuracy,raw_precision,raw_recall,raw_f1,raw_brier,raw_ece,raw_topk,refined_accuracy,refined_precision,refined_recall,refined_f1,refined_brier,refined_ece,refined_topk,refinement_change_rate,refinement_corrected_rate,refinement_wrong_flip_rate
1,0.6466665267944336,graphsage,dispersion,hypercube_n6_run3_train,hypercube_n6_run3_test,0.703125,0.0,0.0,0.0,0.20601610260925013,0.40964555740356445,0.9473684210526315,0.996875,1.0,0.9894736842105264,0.9945945945945945,0.08819467782032951,0.22751873749980014,1.0,0.7017094017094017,1.0,0.0
5,0.5796792507171631,graphsage,dispersion,hypercube_n6_run3_train,hypercube_n6_run3_test,0.703125,0.0,0.0,0.0,0.1793138153014983,0.23242989433929323,0.9368421052631579,0.81875,1.0,0.3894736842105263,0.5601139601139601,0.13552599339788948,0.16142381029203534,0.9368421052631579,1.0,1.0,0.0
10,0.5159446001052856,graphsage,dispersion,hypercube_n6_run3_train,hypercube_n6_run3_test,0.703125,0.0,0.0,0.0,0.15462232333335238,0.3112502153031528,0.9368421052631579,0.85625,1.0,0.5157894736842106,0.6721209644596742,0.09755807534458423,0.21781703559681773,0.9368421052631579,1.0,1.0,0.0
15,0.43218374252319336,graphsage,dispersion,hypercube_n6_run3_train,hypercube_n6_run3_test,0.784375,1.0,0.27368421052631575,0.3829224455872422,0.11601939551534095,0.2798258996801451,0.9473684210526315,0.9875,0.9888888888888889,0.968421052631579,0.9783783783783784,0.032463135242229026,0.1295575209178171,0.9789473684210526,0.638329519450801,0.9882352941176471,0.011764705882352941
20,0.32064178586006165,graphsage,dispersion,hypercube_n6_run3_train,hypercube_n6_run3_test,0.95,0.9882352941176471,0.8421052631578947,0.9023134571521668,0.07018519930576218,0.1952072216430679,0.9473684210526315,1.0,1.0,1.0,1.0,0.02478976206015842,0.11482130804111572,1.0,0.16456515620602308,0.6,0.0
