epoch,train_loss,backbone,drop_feature,dataset,test_dataset,raw_accuracy,raw_precision,raw_recall,raw_f1,raw_brier,raw_ece,raw_topk,refined_accuracy,refined_precision,refined_recall,refined_f1,refined_brier,refined_ece,refined_topk,refinement_change_rate,refinement_corrected_rate,refinement_wrong_flip_rate
1,0.6970704197883606,graphsage,full,hypercube_n6_run2_train,hypercube_n6_run2_test,0.703125,0.0,0.0,0.0,0.23201264532102345,0.173704800195992,0.9894736842105264,0.703125,0.0,0.0,0.0,0.23201264532102345,0.173704800195992,0.9894736842105264,0.0,0.0,0.0
5,0.640705943107605,graphsage,full,hypercube_n6_run2_train,hypercube_n6_run2_test,0.703125,0.0,0.0,0.0,0.20720901702462075,0.12244887435808778,0.9894736842105264,0.84375,1.0,0.47368421052631576,0.630854314906039,0.10582664040606551,0.09835076698660532,0.9894736842105264,0.17623343094738977,1.0,0.0
10,0.5837708711624146,graphsage,full,hypercube_n6_run2_train,hypercube_n6_run2_test,0.703125,0.0,0.0,0.0,0.182706802685955,0.33803133135661484,0.9894736842105264,1.0,1.0,1.0,1.0,0.0749652166732034,0.22530892417994633,1.0,0.9279446640316206,1.0,0.0
15,0.527890682220459,graphsage,full,hypercube_n6_run2_train,hypercube_n6_run2_test,0.703125,0.0,0.0,0.0,0.15538798344089613,0.30740193612873556,0.9894736842105264,0.984375,1.0,0.9473684210526315,0.9720463320463321,0.055360164484693664,0.18003638997078208,1.0,0.9431533378901801,1.0,0.0
20,0.43753355741500854,graphsage,full,hypercube_n6_run2_train,hypercube_n6_run2_test,0.85625,1.0,0.5157894736842106,0.6589050442311313,0.11537697052837215,0.29623183738440273,0.9894736842105264,1.0,1.0,1.0,1.0,0.03179301985356676,0.13893319384533687,1.0,0.3903913043478261,1.0,0.0
