epoch,train_loss,backbone,drop_feature,dataset,test_dataset,raw_accuracy,raw_precision,raw_recall,raw_f1,raw_brier,raw_ece,raw_topk,refined_accuracy,refined_precision,refined_recall,refined_f1,refined_brier,refined_ece,refined_topk,refinement_change_rate,refinement_corrected_rate,refinement_wrong_flip_rate
1,0.7459283471107483,graphsage,match,hypercube_n6_run2_train,hypercube_n6_run2_test,0.296875,0.296875,1.0,0.45783132530120485,0.2544234853245655,0.22509952522814275,1.0,0.296875,0.296875,1.0,0.45783132530120485,0.2544234853245655,0.22509952522814275,1.0,0.0,0.0,0.0
5,0.6793375611305237,graphsage,match,hypercube_n6_run2_train,hypercube_n6_run2_test,0.703125,0.0,0.0,0.0,0.22381538548075924,0.160787539742887,0.9894736842105264,0.703125,0.0,0.0,0.0,0.22381538548075924,0.160787539742887,0.9894736842105264,0.0,0.0,0.0
10,0.609386682510376,graphsage,match,hypercube_n6_run2_train,hypercube_n6_run2_test,0.703125,0.0,0.0,0.0,0.19347863354395248,0.0635367212817073,0.9894736842105264,0.815625,1.0,0.37894736842105264,0.5492877492877491,0.15227859544053682,0.12786788111552597,0.9894736842105264,1.0,1.0,0.0
15,0.5596262216567993,graphsage,match,hypercube_n6_run2_train,hypercube_n6_run2_test,0.703125,0.0,0.0,0.0,0.173312907788412,0.36402707737870516,0.9894736842105264,0.8125,1.0,0.3684210526315789,0.5384615384615384,0.1275011002282503,0.29324352820403876,0.9894736842105264,1.0,1.0,0.0
20,0.48917049169540405,graphsage,match,hypercube_n6_run2_train,hypercube_n6_run2_test,0.703125,0.0,0.0,0.0,0.1372545510853047,0.3218639124650508,0.9894736842105264,1.0,1.0,1.0,1.0,0.03937290342638704,0.1580262042290692,1.0,0.8367402597402597,1.0,0.0
