epoch,train_loss,backbone,drop_feature,dataset,test_dataset,raw_accuracy,raw_precision,raw_recall,raw_f1,raw_brier,raw_ece,raw_topk,refined_accuracy,refined_precision,refined_recall,refined_f1,refined_brier,refined_ece,refined_topk,refinement_change_rate,refinement_corrected_rate,refinement_wrong_flip_rate
1,0.7823928594589233,graphsage,match,hypercube_n6_run1_train,hypercube_n6_run1_test,0.296875,0.296875,1.0,0.45783132530120485,0.265920015286191,0.24893704950809478,0.9578947368421051,0.296875,0.296875,1.0,0.45783132530120485,0.265920015286191,0.24893704950809478,0.9578947368421051,0.0,0.0,0.0
5,0.6963624954223633,graphsage,match,hypercube_n6_run1_train,hypercube_n6_run1_test,0.740625,0.6,0.12631578947368421,0.18666666666666668,0.23090050086032865,0.21622948367148637,0.9894736842105264,0.740625,0.6,0.12631578947368421,0.18666666666666668,0.23090050086032865,0.21622948367148637,0.9894736842105264,0.0,0.0,0.0
10,0.6278767585754395,graphsage,match,hypercube_n6_run1_train,hypercube_n6_run1_test,0.703125,0.0,0.0,0.0,0.20135909861791906,0.43112967200577257,0.9894736842105264,1.0,1.0,1.0,1.0,0.09047146720447118,0.23718389090817085,1.0,0.7863712374581939,1.0,0.0
15,0.5659868121147156,graphsage,match,hypercube_n6_run1_train,hypercube_n6_run1_test,0.703125,0.0,0.0,0.0,0.17953045228315664,0.36772679835557937,0.9894736842105264,0.825,1.0,0.41052631578947363,0.5795264760782002,0.13192381510062004,0.2915769709274173,0.9894736842105264,1.0,1.0,0.0
20,0.49329596757888794,graphsage,match,hypercube_n6_run1_train,hypercube_n6_run1_test,0.703125,0.0,0.0,0.0,0.14762573181691274,0.33351055877283214,0.9789473684210528,0.95,1.0,0.8315789473684211,0.8965168930686171,0.06318464881334764,0.19470628974959253,0.9789473684210528,0.9727272727272727,1.0,0.0
