epoch,train_loss,backbone,drop_feature,dataset,test_dataset,raw_accuracy,raw_precision,raw_recall,raw_f1,raw_brier,raw_ece,raw_topk,refined_accuracy,refined_precision,refined_recall,refined_f1,refined_brier,refined_ece,refined_topk,refinement_change_rate,refinement_corrected_rate,refinement_wrong_flip_rate
1,0.7406647801399231,graphsage,match,kary_n2_k8_run3_train,kary_n2_k8_run3_test,0.521875,0.0,0.0,0.0,0.25111140275830335,0.20059089800342916,0.0,0.521875,0.0,0.0,0.0,0.25111140275830335,0.20059089800342916,0.0,0.0,0.0,0.0
5,0.674811065196991,graphsage,match,kary_n2_k8_run3_train,kary_n2_k8_run3_test,0.703125,0.0,0.0,0.0,0.2199651631651378,0.11212508166208864,0.5157894736842105,0.703125,0.0,0.0,0.0,0.2199651631651378,0.11212508166208864,0.5157894736842105,0.0,0.0,0.0
10,0.6236153244972229,graphsage,match,kary_n2_k8_run3_train,kary_n2_k8_run3_test,0.703125,0.0,0.0,0.0,0.20109076692530015,0.3255088743753731,0.9368421052631579,0.8125,1.0,0.3684210526315789,0.5384615384615384,0.14986055202015883,0.25065392907708883,0.9368421052631579,1.0,1.0,0.0
15,0.5869019031524658,graphsage,match,kary_n2_k8_run3_train,kary_n2_k8_run3_test,0.703125,0.0,0.0,0.0,0.1849305717397359,0.3442409407347441,0.9894736842105264,0.8125,1.0,0.3684210526315789,0.5384615384615384,0.13526236857461083,0.2705391677096486,0.9894736842105264,1.0,1.0,0.0
20,0.5229182243347168,graphsage,match,kary_n2_k8_run3_train,kary_n2_k8_run3_test,0.703125,0.0,0.0,0.0,0.15257408363549466,0.32287501441314814,0.9684210526315787,0.98125,1.0,0.9368421052631579,0.9642915642915643,0.05628529924551946,0.1726656754842797,0.9789473684210526,0.8857516815754801,1.0,0.0
