epoch,train_loss,backbone,drop_feature,dataset,test_dataset,raw_accuracy,raw_precision,raw_recall,raw_f1,raw_brier,raw_ece,raw_topk,refined_accuracy,refined_precision,refined_recall,refined_f1,refined_brier,refined_ece,refined_topk,refinement_change_rate,refinement_corrected_rate,refinement_wrong_flip_rate
1,0.7379342913627625,graphsage,dispersion,kary_n2_k8_run1_train,kary_n2_k8_run1_test,0.95625,0.8784069264069265,1.0,0.9334589800443458,0.2450841576281161,0.45101001262664797,0.9789473684210526,0.95625,0.8784069264069265,1.0,0.9334589800443458,0.2450841576281161,0.45101001262664797,0.9789473684210526,0.0,0.0,0.0
5,0.6416231989860535,graphsage,dispersion,kary_n2_k8_run1_train,kary_n2_k8_run1_test,0.75625,0.8,0.1789473684210526,0.28059085841694537,0.20149839181629137,0.19408450443297626,0.9894736842105264,0.75625,0.8,0.1789473684210526,0.28059085841694537,0.20149839181629137,0.19408450443297626,0.9894736842105264,0.0,0.0,0.0
10,0.5469851493835449,graphsage,dispersion,kary_n2_k8_run1_train,kary_n2_k8_run1_test,0.703125,0.0,0.0,0.0,0.16168113322426408,0.34637454710900784,0.9894736842105264,0.9875,1.0,0.9578947368421051,0.9774517374517375,0.06377924799570829,0.19564708372846157,0.9894736842105264,0.7670056980056981,1.0,0.0
15,0.4641016125679016,graphsage,dispersion,kary_n2_k8_run1_train,kary_n2_k8_run1_test,0.76875,0.8,0.22105263157894733,0.3245977011494253,0.12607779415534798,0.2903737663757056,0.9894736842105264,0.99375,1.0,0.9789473684210526,0.9891891891891891,0.034723529732790845,0.1434047917248108,0.9894736842105264,0.6935730935730935,1.0,0.0
20,0.3509749174118042,graphsage,dispersion,kary_n2_k8_run1_train,kary_n2_k8_run1_test,0.965625,0.9704260651629072,0.9157894736842105,0.936568278805121,0.07806053519629193,0.22300190047826618,0.9789473684210526,0.99375,0.980952380952381,1.0,0.99,0.04219281576756724,0.15472634848405759,0.9789473684210528,0.10207192188616336,0.6,0.0
