epoch,train_loss,backbone,drop_feature,dataset,test_dataset,raw_accuracy,raw_precision,raw_recall,raw_f1,raw_brier,raw_ece,raw_topk,refined_accuracy,refined_precision,refined_recall,refined_f1,refined_brier,refined_ece,refined_topk,refinement_change_rate,refinement_corrected_rate,refinement_wrong_flip_rate
1,0.6989972591400146,graphsage,full,kary_n2_k8_run3_train,kary_n2_k8_run3_test,0.703125,0.0,0.0,0.0,0.23135065742591904,0.16409919718280436,0.8947368421052632,0.703125,0.0,0.0,0.0,0.23135065742591904,0.16409919718280436,0.8947368421052632,0.0,0.0,0.0
5,0.6421061754226685,graphsage,full,kary_n2_k8_run3_train,kary_n2_k8_run3_test,0.703125,0.0,0.0,0.0,0.20860645359491276,0.27329075187444685,1.0,0.990625,1.0,0.968421052631579,0.9834834834834835,0.08266455751714077,0.19570177955382886,1.0,0.5036450477626948,1.0,0.0
10,0.5949864387512207,graphsage,full,kary_n2_k8_run3_train,kary_n2_k8_run3_test,0.703125,0.0,0.0,0.0,0.1876709484787305,0.03429727917537093,1.0,0.8125,1.0,0.3684210526315789,0.5384615384615384,0.14562080802974212,0.10210821693763139,1.0,1.0,1.0,0.0
15,0.5481356978416443,graphsage,full,kary_n2_k8_run3_train,kary_n2_k8_run3_test,0.703125,0.0,0.0,0.0,0.17233940224367064,0.3173628245480359,0.9789473684210526,0.8125,1.0,0.3684210526315789,0.5384615384615384,0.12625343701879485,0.24638505289331078,0.9789473684210526,1.0,1.0,0.0
20,0.4965801239013672,graphsage,full,kary_n2_k8_run3_train,kary_n2_k8_run3_test,0.703125,0.0,0.0,0.0,0.14363482837481809,0.32198032140731814,0.9894736842105264,0.934375,1.0,0.7789473684210526,0.8556916522433765,0.062231671325875856,0.18875841025145484,0.9894736842105264,0.9400000000000001,1.0,0.0
