epoch,train_loss,backbone,drop_feature,dataset,test_dataset,raw_accuracy,raw_precision,raw_recall,raw_f1,raw_brier,raw_ece,raw_topk,refined_accuracy,refined_precision,refined_recall,refined_f1,refined_brier,refined_ece,refined_topk,refinement_change_rate,refinement_corrected_rate,refinement_wrong_flip_rate
1,0.6836583018302917,graphsage,full,kary_n2_k8_run2_train,kary_n2_k8_run2_test,0.703125,0.0,0.0,0.0,0.22854791946010167,0.15184200638905168,0.8210526315789473,0.703125,0.0,0.0,0.0,0.22854791946010167,0.15184200638905168,0.8210526315789473,0.0,0.0,0.0
5,0.6261283159255981,graphsage,full,kary_n2_k8_run2_train,kary_n2_k8_run2_test,0.703125,0.0,0.0,0.0,0.20129734372560737,0.28282087771222,0.9368421052631579,0.91875,1.0,0.7263157894736842,0.8354874813039113,0.10070092064120204,0.20732443600931494,0.9789473684210526,0.4099543255602008,1.0,0.0
10,0.5517008900642395,graphsage,full,kary_n2_k8_run2_train,kary_n2_k8_run2_test,0.703125,0.0,0.0,0.0,0.1668211315891219,0.3097555574961007,0.9368421052631579,0.965625,0.9875,0.8947368421052632,0.9370883488530548,0.07373875034730482,0.18408301723845386,0.968421052631579,0.8674843059753545,0.9875,0.0125
15,0.4629839062690735,graphsage,full,kary_n2_k8_run2_train,kary_n2_k8_run2_test,0.703125,0.0,0.0,0.0,0.13018059669040072,0.2722725007683039,0.9368421052631579,0.965625,0.9875,0.894736842105263,0.9380694980694979,0.04288742904272763,0.12946980939744682,0.968421052631579,0.8544208987943003,0.9875,0.0125
20,0.34336578845977783,graphsage,full,kary_n2_k8_run2_train,kary_n2_k8_run2_test,0.9625,0.99,0.8842105263157896,0.9299282416929475,0.08446940989826152,0.2151713553350419,0.9368421052631579,0.99375,0.99,0.9894736842105264,0.9894663894663894,0.02805326799053563,0.1114823498633822,0.9894736842105264,0.08484848484848484,0.6,0.0
