epoch,train_loss,backbone,drop_feature,dataset,test_dataset,raw_accuracy,raw_precision,raw_recall,raw_f1,raw_brier,raw_ece,raw_topk,refined_accuracy,refined_precision,refined_recall,refined_f1,refined_brier,refined_ece,refined_topk,refinement_change_rate,refinement_corrected_rate,refinement_wrong_flip_rate
1,0.7325141429901123,graphsage,mismatch,kary_n2_k8_run3_train,kary_n2_k8_run3_test,0.884375,0.85243961352657,0.7473684210526316,0.7750722927193514,0.2447050456792696,0.37869711834937336,0.8421052631578947,0.884375,0.85243961352657,0.7473684210526316,0.7750722927193514,0.2447050456792696,0.37869711834937336,0.8421052631578947,0.0,0.0,0.0
5,0.6372532248497009,graphsage,mismatch,kary_n2_k8_run3_train,kary_n2_k8_run3_test,0.703125,0.0,0.0,0.0,0.19973040266631267,0.39291873341426253,0.9684210526315787,0.975,1.0,0.9157894736842106,0.9558558558558559,0.09196588352040695,0.2314033122475883,1.0,0.6358160358160359,1.0,0.0
10,0.5553565621376038,graphsage,mismatch,kary_n2_k8_run3_train,kary_n2_k8_run3_test,0.703125,0.0,0.0,0.0,0.1741697522660525,0.33575157378800213,0.9894736842105264,0.8125,1.0,0.3684210526315789,0.5384615384615384,0.12839634357747087,0.265013192826882,0.9894736842105264,1.0,1.0,0.0
15,0.5020104050636292,graphsage,mismatch,kary_n2_k8_run3_train,kary_n2_k8_run3_test,0.703125,0.0,0.0,0.0,0.15554648736857254,0.2912304297089577,1.0,0.8125,1.0,0.3684210526315789,0.5384615384615384,0.11116309207706758,0.2216069028712809,1.0,1.0,1.0,0.0
20,0.4325278103351593,graphsage,mismatch,kary_n2_k8_run3_train,kary_n2_k8_run3_test,0.771875,0.8,0.23157894736842105,0.3372643678160919,0.11544662497864722,0.2918469213414937,1.0,0.99375,1.0,0.9789473684210528,0.9888888888888889,0.029931643055783864,0.13515117898855114,1.0,0.6898484848484848,1.0,0.0
