epoch,train_loss,backbone,drop_feature,dataset,test_dataset,raw_accuracy,raw_precision,raw_recall,raw_f1,raw_brier,raw_ece,raw_topk,refined_accuracy,refined_precision,refined_recall,refined_f1,refined_brier,refined_ece,refined_topk,refinement_change_rate,refinement_corrected_rate,refinement_wrong_flip_rate
1,0.7401618957519531,graphsage,dispersion,kary_n2_k8_run2_train,kary_n2_k8_run2_test,0.703125,0.0,0.0,0.0,0.24753882290443557,0.19706301130354403,0.3052631578947368,0.703125,0.0,0.0,0.0,0.24753882290443557,0.19706301130354403,0.3052631578947368,0.0,0.0,0.0
5,0.6578387022018433,graphsage,dispersion,kary_n2_k8_run2_train,kary_n2_k8_run2_test,0.703125,0.0,0.0,0.0,0.21195741903387363,0.13292744355276226,0.9368421052631579,0.703125,0.0,0.0,0.0,0.21195741903387363,0.13292744355276226,0.9368421052631579,0.0,0.0,0.0
10,0.5719112157821655,graphsage,dispersion,kary_n2_k8_run2_train,kary_n2_k8_run2_test,0.703125,0.0,0.0,0.0,0.1763460421484824,0.25707828318700193,0.9368421052631579,0.94375,1.0,0.8105263157894737,0.8791922957440199,0.08888365211449077,0.17704550250401685,0.9473684210526315,0.9287593984962406,1.0,0.0
15,0.5002990961074829,graphsage,dispersion,kary_n2_k8_run2_train,kary_n2_k8_run2_test,0.703125,0.0,0.0,0.0,0.14586457526166363,0.29790734248235823,0.9368421052631579,0.94375,1.0,0.8105263157894737,0.8791922957440199,0.0608908228581075,0.1654631911760433,0.9473684210526315,0.9287593984962406,1.0,0.0
20,0.40684404969215393,graphsage,dispersion,kary_n2_k8_run2_train,kary_n2_k8_run2_test,0.928125,0.9888888888888889,0.7684210526315789,0.8479107679107679,0.10409801404540268,0.24743891207035631,0.9368421052631579,0.9875,0.9794736842105264,0.9789473684210526,0.9789400736769158,0.03489892657233321,0.12281798552160117,0.9789473684210526,0.17682780182780183,0.775,0.025
