epoch,train_loss,backbone,drop_feature,dataset,test_dataset,raw_accuracy,raw_precision,raw_recall,raw_f1,raw_brier,raw_ece,raw_topk,refined_accuracy,refined_precision,refined_recall,refined_f1,refined_brier,refined_ece,refined_topk,refinement_change_rate,refinement_corrected_rate,refinement_wrong_flip_rate
1,0.7228740453720093,graphsage,match,kary_n2_k8_run2_train,kary_n2_k8_run2_test,0.95625,0.99,0.8631578947368421,0.9159576534576536,0.24284880418398785,0.44873887933790685,0.9789473684210526,0.95625,0.99,0.8631578947368421,0.9159576534576536,0.24284880418398785,0.44873887933790685,0.9789473684210526,0.0,0.0,0.0
5,0.6668325662612915,graphsage,match,kary_n2_k8_run2_train,kary_n2_k8_run2_test,0.703125,0.0,0.0,0.0,0.2175338363123723,0.1363787552341819,0.9894736842105264,0.703125,0.0,0.0,0.0,0.2175338363123723,0.1363787552341819,0.9894736842105264,0.0,0.0,0.0
10,0.6090171337127686,graphsage,match,kary_n2_k8_run2_train,kary_n2_k8_run2_test,0.703125,0.0,0.0,0.0,0.1898327463317454,0.25409578178077935,0.9789473684210526,0.9375,0.9888888888888889,0.8,0.8683814849332091,0.10709889375294276,0.20182315845990412,0.9789473684210526,0.9652173913043478,0.9888888888888889,0.01111111111111111
15,0.5560034513473511,graphsage,match,kary_n2_k8_run2_train,kary_n2_k8_run2_test,0.703125,0.0,0.0,0.0,0.16293083476937403,0.3404255478642881,0.9789473684210526,0.984375,1.0,0.9473684210526316,0.9710651828298887,0.06479282917689722,0.19390996271677996,0.9894736842105264,0.9106719367588934,1.0,0.0
20,0.4689827263355255,graphsage,match,kary_n2_k8_run2_train,kary_n2_k8_run2_test,0.825,0.8,0.41052631578947363,0.5193930338225362,0.12307821768303759,0.30063856597989796,0.968421052631579,0.984375,0.9894736842105264,0.9578947368421054,0.9729571676940099,0.04431844998269661,0.15244812376503997,0.9789473684210526,0.5056765827612508,0.9866666666666667,0.013333333333333332
