epoch,train_loss,backbone,drop_feature,dataset,test_dataset,raw_accuracy,raw_precision,raw_recall,raw_f1,raw_brier,raw_ece,raw_topk,refined_accuracy,refined_precision,refined_recall,refined_f1,refined_brier,refined_ece,refined_topk,refinement_change_rate,refinement_corrected_rate,refinement_wrong_flip_rate
1,0.7238849401473999,graphsage,dispersion,kary_n2_k8_run3_train,kary_n2_k8_run3_test,0.9625,0.8898494259363824,1.0,0.9411900294827124,0.24100881583222816,0.45319317243993285,0.9789473684210526,0.9625,0.8898494259363824,1.0,0.9411900294827124,0.24100881583222816,0.45319317243993285,0.9789473684210526,0.0,0.0,0.0
5,0.6364484429359436,graphsage,dispersion,kary_n2_k8_run3_train,kary_n2_k8_run3_test,0.703125,0.0,0.0,0.0,0.19990084139868655,0.3074775703251362,0.9789473684210526,0.9375,1.0,0.7894736842105263,0.8808369408369409,0.09269594971172318,0.22111079975885076,1.0,0.46444609309854323,1.0,0.0
10,0.5585668087005615,graphsage,dispersion,kary_n2_k8_run3_train,kary_n2_k8_run3_test,0.703125,0.0,0.0,0.0,0.17080658842510377,0.3138802412431687,0.9473684210526315,0.8125,1.0,0.3684210526315789,0.5384615384615384,0.12890220095437402,0.2461883186828345,0.9473684210526315,1.0,1.0,0.0
15,0.4776267111301422,graphsage,dispersion,kary_n2_k8_run3_train,kary_n2_k8_run3_test,0.703125,0.0,0.0,0.0,0.135720397494056,0.30913983955979346,0.9473684210526315,0.975,0.9866666666666667,0.9263157894736842,0.9538950715421304,0.04566799702694473,0.15870342574877805,0.9789473684210526,0.8774183482421469,0.9866666666666667,0.013333333333333332
20,0.3818798065185547,graphsage,dispersion,kary_n2_k8_run3_train,kary_n2_k8_run3_test,0.934375,0.9794736842105263,0.8,0.8614498561866982,0.09027380903203644,0.23101764763705432,0.9368421052631579,1.0,1.0,1.0,1.0,0.032201325744659705,0.1352357020007136,1.0,0.2083778966131907,1.0,0.0
