epoch,train_loss,backbone,drop_feature,dataset,test_dataset,raw_accuracy,raw_precision,raw_recall,raw_f1,raw_brier,raw_ece,raw_topk,refined_accuracy,refined_precision,refined_recall,refined_f1,refined_brier,refined_ece,refined_topk,refinement_change_rate,refinement_corrected_rate,refinement_wrong_flip_rate
1,0.7474318146705627,graphsage,mismatch,kary_n2_k8_run1_train,kary_n2_k8_run1_test,0.653125,0.0,0.0,0.0,0.2506154225552576,0.19931787019595504,0.0,0.653125,0.0,0.0,0.0,0.2506154225552576,0.19931787019595504,0.0,0.0,0.0,0.0
5,0.6511069536209106,graphsage,mismatch,kary_n2_k8_run1_train,kary_n2_k8_run1_test,0.703125,0.0,0.0,0.0,0.20761411953308412,0.12668013060465455,0.9789473684210526,0.703125,0.0,0.0,0.0,0.20761411953308412,0.12668013060465455,0.9789473684210526,0.0,0.0,0.0
10,0.5637723803520203,graphsage,mismatch,kary_n2_k8_run1_train,kary_n2_k8_run1_test,0.703125,0.0,0.0,0.0,0.1737927969056247,0.2880466107279062,0.9894736842105264,0.80625,0.9714285714285715,0.35789473684210527,0.523076923076923,0.1366830155156021,0.22745469510555266,0.9894736842105264,1.0,0.9714285714285715,0.02857142857142857
15,0.5130075812339783,graphsage,mismatch,kary_n2_k8_run1_train,kary_n2_k8_run1_test,0.703125,0.0,0.0,0.0,0.15531420117214711,0.28243311755359174,0.9894736842105264,0.8125,1.0,0.3684210526315789,0.5384615384615384,0.11089969541308309,0.2127680321224034,0.9894736842105264,1.0,1.0,0.0
20,0.4424857795238495,graphsage,mismatch,kary_n2_k8_run1_train,kary_n2_k8_run1_test,0.759375,0.8,0.1894736842105263,0.2943589743589744,0.12123175209693668,0.28225778695195913,0.9894736842105264,0.990625,1.0,0.968421052631579,0.9834834834834835,0.02901884570353653,0.12784583857298393,0.9894736842105264,0.7089577089577089,1.0,0.0
