epoch,train_loss,backbone,drop_feature,dataset,test_dataset,raw_accuracy,raw_precision,raw_recall,raw_f1,raw_brier,raw_ece,raw_topk,refined_accuracy,refined_precision,refined_recall,refined_f1,refined_brier,refined_ece,refined_topk,refinement_change_rate,refinement_corrected_rate,refinement_wrong_flip_rate
1,0.7346922755241394,graphsage,mismatch,kary_n2_k8_run2_train,kary_n2_k8_run2_test,0.69375,0.0,0.0,0.0,0.24572672845585228,0.19675707928836345,0.5157894736842106,0.69375,0.0,0.0,0.0,0.24572672845585228,0.19675707928836345,0.5157894736842106,0.0,0.0,0.0
5,0.6573042869567871,graphsage,mismatch,kary_n2_k8_run2_train,kary_n2_k8_run2_test,0.703125,0.0,0.0,0.0,0.2120306475256931,0.12213449236005544,0.968421052631579,0.703125,0.0,0.0,0.0,0.2120306475256931,0.12213449236005544,0.968421052631579,0.0,0.0,0.0
10,0.5839820504188538,graphsage,mismatch,kary_n2_k8_run2_train,kary_n2_k8_run2_test,0.703125,0.0,0.0,0.0,0.18550330748802085,0.24052658565342427,0.9368421052631579,0.8125,1.0,0.3684210526315789,0.5384615384615384,0.14077634118034596,0.170587398391217,0.9368421052631579,1.0,1.0,0.0
15,0.5545129776000977,graphsage,mismatch,kary_n2_k8_run2_train,kary_n2_k8_run2_test,0.703125,0.0,0.0,0.0,0.1746105048285503,0.25981328431516887,0.9368421052631579,0.8125,1.0,0.3684210526315789,0.5384615384615384,0.12398725385854506,0.18541307412087918,0.9368421052631579,1.0,1.0,0.0
20,0.4977109134197235,graphsage,mismatch,kary_n2_k8_run2_train,kary_n2_k8_run2_test,0.703125,0.0,0.0,0.0,0.14772151643081805,0.30240476415492595,0.968421052631579,0.8875,0.9846153846153847,0.631578947368421,0.7459077959077959,0.08295962662577797,0.20023422730155288,0.968421052631579,1.0,0.9846153846153847,0.015384615384615385
