epoch,train_loss,backbone,drop_feature,dataset,test_dataset,raw_accuracy,raw_precision,raw_recall,raw_f1,raw_brier,raw_ece,raw_topk,refined_accuracy,refined_precision,refined_recall,refined_f1,refined_brier,refined_ece,refined_topk,refinement_change_rate,refinement_corrected_rate,refinement_wrong_flip_rate
1,0.7253366708755493,graphsage,match,kary_n2_k8_run1_train,kary_n2_k8_run1_test,0.946875,0.8784069264069265,0.968421052631579,0.9163161229014888,0.24177109810431566,0.43832183526828883,0.9052631578947368,0.946875,0.8784069264069265,0.968421052631579,0.9163161229014888,0.24177109810431566,0.43832183526828883,0.9052631578947368,0.0,0.0,0.0
5,0.6458765864372253,graphsage,match,kary_n2_k8_run1_train,kary_n2_k8_run1_test,0.703125,0.0,0.0,0.0,0.20645348725997853,0.12401452073827386,0.9894736842105264,0.703125,0.0,0.0,0.0,0.20645348725997853,0.12401452073827386,0.9894736842105264,0.0,0.0,0.0
10,0.5765373706817627,graphsage,match,kary_n2_k8_run1_train,kary_n2_k8_run1_test,0.703125,0.0,0.0,0.0,0.17953613391897916,0.19648537859320642,0.9894736842105264,0.81875,1.0,0.3894736842105263,0.5593406593406594,0.1366543737749704,0.12837333958595992,0.9894736842105264,1.0,1.0,0.0
15,0.5093525052070618,graphsage,match,kary_n2_k8_run1_train,kary_n2_k8_run1_test,0.703125,0.0,0.0,0.0,0.14840371516305403,0.3133933863602579,0.9894736842105264,0.975,1.0,0.9157894736842105,0.9531804531804532,0.05291241316803612,0.16548217002069035,0.9894736842105264,0.9059047619047618,1.0,0.0
20,0.41688987612724304,graphsage,match,kary_n2_k8_run1_train,kary_n2_k8_run1_test,0.925,0.980952380952381,0.7684210526315789,0.8467857142857144,0.10261441294925122,0.2590608568396419,0.9789473684210526,0.990625,0.980952380952381,0.9894736842105264,0.9845945945945946,0.03230817074359534,0.12668530969953068,0.9894736842105264,0.168859160163508,0.8,0.0
