epoch,train_loss,backbone,drop_feature,dataset,test_dataset,raw_accuracy,raw_precision,raw_recall,raw_f1,raw_brier,raw_ece,raw_topk,refined_accuracy,refined_precision,refined_recall,refined_f1,refined_brier,refined_ece,refined_topk,refinement_change_rate,refinement_corrected_rate,refinement_wrong_flip_rate
1,0.7493059039115906,graphsage,full,augmented_kary_n2_k8_run3_train,augmented_kary_n2_k8_run3_test,0.296875,0.296875,1.0,0.45783132530120485,0.253136252236361,0.22458224631845952,1.0,0.296875,0.296875,1.0,0.45783132530120485,0.253136252236361,0.22458224631845952,1.0,0.0,0.0,0.0
5,0.654330313205719,graphsage,full,augmented_kary_n2_k8_run3_train,augmented_kary_n2_k8_run3_test,0.80625,1.0,0.34736842105263155,0.4688078541374474,0.20770610369388964,0.2582767545245588,1.0,0.80625,1.0,0.34736842105263155,0.4688078541374474,0.20770610369388964,0.2582767545245588,1.0,0.0,0.0,0.0
10,0.5408290028572083,graphsage,full,augmented_kary_n2_k8_run3_train,augmented_kary_n2_k8_run3_test,0.703125,0.0,0.0,0.0,0.15900622081387378,0.37415815740823744,1.0,0.98125,1.0,0.9368421052631579,0.9669669669669669,0.05960815201385734,0.19216318957759843,1.0,0.7296666666666667,1.0,0.0
15,0.46248799562454224,graphsage,full,augmented_kary_n2_k8_run3_train,augmented_kary_n2_k8_run3_test,0.703125,0.0,0.0,0.0,0.13229142094506088,0.29718898807186633,0.9894736842105264,0.915625,1.0,0.7157894736842104,0.8137931034482758,0.055925841825906805,0.1698436817387119,0.9894736842105264,1.0,1.0,0.0
20,0.3603748381137848,graphsage,full,augmented_kary_n2_k8_run3_train,augmented_kary_n2_k8_run3_test,0.925,1.0,0.7473684210526317,0.8453197945845006,0.08615958108241374,0.23659097792115064,1.0,0.9875,1.0,0.9578947368421051,0.978078078078078,0.015460683322362029,0.08561780490786537,1.0,0.16266666666666668,1.0,0.0
