epoch,train_loss,backbone,drop_feature,dataset,test_dataset,raw_accuracy,raw_precision,raw_recall,raw_f1,raw_brier,raw_ece,raw_topk,refined_accuracy,refined_precision,refined_recall,refined_f1,refined_brier,refined_ece,refined_topk,refinement_change_rate,refinement_corrected_rate,refinement_wrong_flip_rate
1,0.7150552272796631,gcn,full,augmented_kary_n2_k8_run1_train,augmented_kary_n2_k8_run1_test,0.703125,0.0,0.0,0.0,0.23999705892881834,0.16486604046076536,0.0,0.703125,0.0,0.0,0.0,0.23999705892881834,0.16486604046076536,0.0,0.0,0.0,0.0
5,0.6538497805595398,gcn,full,augmented_kary_n2_k8_run1_train,augmented_kary_n2_k8_run1_test,0.703125,0.0,0.0,0.0,0.21325453928883187,0.1497889133170247,0.9789473684210526,0.853125,1.0,0.5052631578947369,0.670242656449553,0.1592045169376088,0.18371930671855807,0.9789473684210526,1.0,1.0,0.0
10,0.6085671782493591,gcn,full,augmented_kary_n2_k8_run1_train,augmented_kary_n2_k8_run1_test,0.703125,0.0,0.0,0.0,0.1956813314195692,0.02118635307997465,1.0,0.8125,1.0,0.3684210526315789,0.5384615384615384,0.14898559802666092,0.09265054818242789,1.0,1.0,1.0,0.0
15,0.580645740032196,gcn,full,augmented_kary_n2_k8_run1_train,augmented_kary_n2_k8_run1_test,0.703125,0.0,0.0,0.0,0.18520971005899806,0.36683306377381086,1.0,0.8125,1.0,0.3684210526315789,0.5384615384615384,0.13673988807813492,0.2940281882882118,1.0,1.0,1.0,0.0
20,0.5445746779441833,gcn,full,augmented_kary_n2_k8_run1_train,augmented_kary_n2_k8_run1_test,0.703125,0.0,0.0,0.0,0.16849461817574235,0.33632801212370395,0.9894736842105264,0.825,1.0,0.41052631578947374,0.5809930809930809,0.12210912700132122,0.2611677280627191,0.9894736842105264,1.0,1.0,0.0
