epoch,train_loss,backbone,drop_feature,dataset,test_dataset,raw_accuracy,raw_precision,raw_recall,raw_f1,raw_brier,raw_ece,raw_topk,refined_accuracy,refined_precision,refined_recall,refined_f1,refined_brier,refined_ece,refined_topk,refinement_change_rate,refinement_corrected_rate,refinement_wrong_flip_rate
1,0.7463805675506592,gat,full,augmented_kary_n2_k8_run1_train,augmented_kary_n2_k8_run1_test,0.296875,0.296875,1.0,0.45783132530120485,0.2533655204014055,0.2143973419442773,0.6631578947368421,0.296875,0.296875,1.0,0.45783132530120485,0.2533655204014055,0.2143973419442773,0.6631578947368421,0.0,0.0,0.0
5,0.6839984059333801,gat,full,augmented_kary_n2_k8_run1_train,augmented_kary_n2_k8_run1_test,0.703125,0.0,0.0,0.0,0.22603001372143475,0.1529310081154108,0.9157894736842106,0.703125,0.0,0.0,0.0,0.22603001372143475,0.1529310081154108,0.9157894736842106,0.0,0.0,0.0
10,0.6314032077789307,gat,full,augmented_kary_n2_k8_run1_train,augmented_kary_n2_k8_run1_test,0.703125,0.0,0.0,0.0,0.20331484828702345,0.144904609862715,1.0,0.859375,1.0,0.5263157894736843,0.6856233421750664,0.14694047950917394,0.1717105175368488,1.0,1.0,1.0,0.0
15,0.5952430963516235,gat,full,augmented_kary_n2_k8_run1_train,augmented_kary_n2_k8_run1_test,0.703125,0.0,0.0,0.0,0.19124864763357052,0.40089964047074317,1.0,0.8125,1.0,0.3684210526315789,0.5384615384615384,0.14341981502735665,0.3285748936235905,1.0,1.0,1.0,0.0
20,0.5726901292800903,gat,full,augmented_kary_n2_k8_run1_train,augmented_kary_n2_k8_run1_test,0.703125,0.0,0.0,0.0,0.18190449780947163,0.3350599414668977,1.0,0.8125,1.0,0.3684210526315789,0.5384615384615384,0.13300585432244957,0.2619344171136618,1.0,1.0,1.0,0.0
