epoch,train_loss,backbone,drop_feature,dataset,test_dataset,raw_accuracy,raw_precision,raw_recall,raw_f1,raw_brier,raw_ece,raw_topk,refined_accuracy,refined_precision,refined_recall,refined_f1,refined_brier,refined_ece,refined_topk,refinement_change_rate,refinement_corrected_rate,refinement_wrong_flip_rate
1,0.8288840651512146,gat,full,augmented_kary_n2_k8_run2_train,augmented_kary_n2_k8_run2_test,0.296875,0.296875,1.0,0.45783132530120485,0.2859368714474163,0.270637334138155,0.042105263157894736,0.296875,0.296875,1.0,0.45783132530120485,0.2859368714474163,0.270637334138155,0.042105263157894736,0.0,0.0,0.0
5,0.7201930284500122,gat,full,augmented_kary_n2_k8_run2_train,augmented_kary_n2_k8_run2_test,0.703125,0.0,0.0,0.0,0.2400459462774016,0.18051535580307246,0.5473684210526315,0.703125,0.0,0.0,0.0,0.2400459462774016,0.18051535580307246,0.5473684210526315,0.0,0.0,0.0
10,0.6260706782341003,gat,full,augmented_kary_n2_k8_run2_train,augmented_kary_n2_k8_run2_test,0.703125,0.0,0.0,0.0,0.20107629063011406,0.050591451767832044,0.9473684210526315,0.80625,0.9714285714285715,0.35789473684210527,0.5230769230769231,0.16127473428327416,0.11976818069815635,0.9473684210526315,1.0,0.9714285714285715,0.02857142857142857
15,0.5897566676139832,gat,full,augmented_kary_n2_k8_run2_train,augmented_kary_n2_k8_run2_test,0.703125,0.0,0.0,0.0,0.1908025069434487,0.044394756713882086,0.968421052631579,0.8125,1.0,0.3684210526315789,0.5384615384615384,0.13611110485390965,0.03294694325886668,0.968421052631579,1.0,1.0,0.0
20,0.5622948408126831,gat,full,augmented_kary_n2_k8_run2_train,augmented_kary_n2_k8_run2_test,0.703125,0.0,0.0,0.0,0.1793099015368989,0.3377721353434026,0.9789473684210526,0.8125,1.0,0.3684210526315789,0.5384615384615384,0.12949884266464595,0.2639640996232629,0.9789473684210526,1.0,1.0,0.0
