epoch,train_loss,backbone,drop_feature,dataset,test_dataset,raw_accuracy,raw_precision,raw_recall,raw_f1,raw_brier,raw_ece,raw_topk,refined_accuracy,refined_precision,refined_recall,refined_f1,refined_brier,refined_ece,refined_topk,refinement_change_rate,refinement_corrected_rate,refinement_wrong_flip_rate
1,0.6839398741722107,gcn,full,augmented_kary_n2_k8_run2_train,augmented_kary_n2_k8_run2_test,0.703125,0.0,0.0,0.0,0.22597373664414927,0.14630557680502534,1.0,0.703125,0.0,0.0,0.0,0.22597373664414927,0.14630557680502534,1.0,0.0,0.0,0.0
5,0.628237247467041,gcn,full,augmented_kary_n2_k8_run2_train,augmented_kary_n2_k8_run2_test,0.703125,0.0,0.0,0.0,0.20105803449218543,0.06977757858112454,1.0,0.8125,1.0,0.3684210526315789,0.5384615384615384,0.1603697017185842,0.13648787681013347,1.0,1.0,1.0,0.0
10,0.5872188806533813,gcn,full,augmented_kary_n2_k8_run2_train,augmented_kary_n2_k8_run2_test,0.703125,0.0,0.0,0.0,0.18915419660777227,0.3549043379258364,0.9894736842105264,0.8125,1.0,0.3684210526315789,0.5384615384615384,0.13764426809136626,0.27984591615386306,0.9894736842105264,1.0,1.0,0.0
15,0.56369549036026,gcn,full,augmented_kary_n2_k8_run2_train,augmented_kary_n2_k8_run2_test,0.703125,0.0,0.0,0.0,0.18012372604291646,0.32874655853956936,0.9789473684210526,0.8125,1.0,0.3684210526315789,0.5384615384615384,0.12976880135905175,0.25453702844679355,0.9789473684210526,1.0,1.0,0.0
20,0.5335283279418945,gcn,full,augmented_kary_n2_k8_run2_train,augmented_kary_n2_k8_run2_test,0.703125,0.0,0.0,0.0,0.1645753490444924,0.27833073302172123,0.9684210526315787,0.84375,1.0,0.47368421052631576,0.6343341683858925,0.11261030355055737,0.20117981317453087,0.9684210526315787,1.0,1.0,0.0
