epoch,train_loss,backbone,drop_feature,dataset,test_dataset,raw_accuracy,raw_precision,raw_recall,raw_f1,raw_brier,raw_ece,raw_topk,refined_accuracy,refined_precision,refined_recall,refined_f1,refined_brier,refined_ece,refined_topk,refinement_change_rate,refinement_corrected_rate,refinement_wrong_flip_rate
1,0.7157399654388428,gat,full,augmented_kary_n2_k8_run3_train,augmented_kary_n2_k8_run3_test,0.703125,0.0,0.0,0.0,0.23818238193041488,0.18372772615402938,0.5263157894736842,0.703125,0.0,0.0,0.0,0.23818238193041488,0.18372772615402938,0.5263157894736842,0.0,0.0,0.0
5,0.639677882194519,gat,full,augmented_kary_n2_k8_run3_train,augmented_kary_n2_k8_run3_test,0.703125,0.0,0.0,0.0,0.2044103418829537,0.21878514923155307,0.8210526315789475,0.8875,1.0,0.6210526315789473,0.7639720902012337,0.11022113207564777,0.16382336533130537,0.968421052631579,0.30223166310122834,1.0,0.0
10,0.5780454874038696,gat,full,augmented_kary_n2_k8_run3_train,augmented_kary_n2_k8_run3_test,0.703125,0.0,0.0,0.0,0.18241106563098605,0.2658144475892186,0.8315789473684211,0.79375,0.9142857142857143,0.3368421052631579,0.49230769230769234,0.15021799419448117,0.21508466387167574,0.8315789473684211,1.0,0.9142857142857143,0.08571428571428572
15,0.5670731663703918,gat,full,augmented_kary_n2_k8_run3_train,augmented_kary_n2_k8_run3_test,0.703125,0.0,0.0,0.0,0.17774085619249683,0.1722411273047328,0.8526315789473685,0.79375,0.9142857142857143,0.3368421052631579,0.49230769230769234,0.14062180120920464,0.11715079667046666,0.8526315789473685,1.0,0.9142857142857143,0.08571428571428572
20,0.5394713878631592,gat,full,augmented_kary_n2_k8_run3_train,augmented_kary_n2_k8_run3_test,0.703125,0.0,0.0,0.0,0.16558254402165523,0.3141691732686013,0.8736842105263157,0.8,0.9428571428571428,0.3473684210526316,0.5076923076923078,0.1296707037907927,0.25741930096410215,0.8736842105263157,1.0,0.9428571428571428,0.05714285714285714
