epoch,train_loss,backbone,drop_feature,dataset,test_dataset,raw_accuracy,raw_precision,raw_recall,raw_f1,raw_brier,raw_ece,raw_topk,refined_accuracy,refined_precision,refined_recall,refined_f1,refined_brier,refined_ece,refined_topk,refinement_change_rate,refinement_corrected_rate,refinement_wrong_flip_rate
1,0.7225298881530762,graphsage,full,augmented_kary_n2_k8_run1_train,augmented_kary_n2_k8_run1_test,0.703125,0.0,0.0,0.0,0.24117351947126534,0.1821351912803948,0.7157894736842104,0.703125,0.0,0.0,0.0,0.24117351947126534,0.1821351912803948,0.7157894736842104,0.0,0.0,0.0
5,0.651905357837677,graphsage,full,augmented_kary_n2_k8_run1_train,augmented_kary_n2_k8_run1_test,0.703125,0.0,0.0,0.0,0.2109836698005702,0.1245999869890511,1.0,0.703125,0.0,0.0,0.0,0.2109836698005702,0.1245999869890511,1.0,0.0,0.0,0.0
10,0.5836082100868225,graphsage,full,augmented_kary_n2_k8_run1_train,augmented_kary_n2_k8_run1_test,0.703125,0.0,0.0,0.0,0.17993867370497235,0.263824132271111,1.0,0.96875,1.0,0.8947368421052632,0.9285714285714285,0.08574967685562605,0.20752621993886938,1.0,0.99,1.0,0.0
15,0.5120220184326172,graphsage,full,augmented_kary_n2_k8_run1_train,augmented_kary_n2_k8_run1_test,0.703125,0.0,0.0,0.0,0.15037282013886827,0.33595758243463936,1.0,0.959375,1.0,0.8631578947368421,0.9074074074074074,0.05991947243337252,0.19925543577410282,1.0,1.0,1.0,0.0
20,0.41760990023612976,graphsage,full,augmented_kary_n2_k8_run1_train,augmented_kary_n2_k8_run1_test,0.9,1.0,0.6631578947368422,0.7499770817417877,0.10329017472601595,0.292447219742462,1.0,1.0,1.0,1.0,1.0,0.02827218776912611,0.13273067407422984,1.0,0.2894409937888198,1.0,0.0
