epoch,train_loss,backbone,drop_feature,dataset,test_dataset,raw_accuracy,raw_precision,raw_recall,raw_f1,raw_brier,raw_ece,raw_topk,refined_accuracy,refined_precision,refined_recall,refined_f1,refined_brier,refined_ece,refined_topk,refinement_change_rate,refinement_corrected_rate,refinement_wrong_flip_rate
1,0.6948713660240173,gcn,full,augmented_kary_n2_k8_run3_train,augmented_kary_n2_k8_run3_test,0.703125,0.0,0.0,0.0,0.2304917108478842,0.1667924949899316,1.0,0.703125,0.0,0.0,0.0,0.2304917108478842,0.1667924949899316,1.0,0.0,0.0,0.0
5,0.6326845288276672,gcn,full,augmented_kary_n2_k8_run3_train,augmented_kary_n2_k8_run3_test,0.703125,0.0,0.0,0.0,0.20249175951728451,0.3200561824254692,0.9789473684210526,0.940625,1.0,0.8,0.8883524318818434,0.0987555545206468,0.20521067221817496,1.0,0.46642246194665554,1.0,0.0
10,0.5793578028678894,gcn,full,augmented_kary_n2_k8_run3_train,augmented_kary_n2_k8_run3_test,0.703125,0.0,0.0,0.0,0.18106699323771777,0.2674219242297113,0.9473684210526315,0.8125,1.0,0.3684210526315789,0.5384615384615384,0.13745884913717538,0.19836345510557293,0.9473684210526315,1.0,1.0,0.0
15,0.5576555728912354,gcn,full,augmented_kary_n2_k8_run3_train,augmented_kary_n2_k8_run3_test,0.703125,0.0,0.0,0.0,0.1743851260599151,0.2060403969604522,0.9052631578947368,0.80625,0.9714285714285713,0.3578947368421052,0.5230769230769231,0.12885769004893194,0.13848934643901883,0.9052631578947368,1.0,0.9714285714285713,0.02857142857142857
20,0.5298190712928772,gcn,full,augmented_kary_n2_k8_run3_train,augmented_kary_n2_k8_run3_test,0.703125,0.0,0.0,0.0,0.16188741264916567,0.295683681871742,0.9052631578947368,0.80625,0.9714285714285713,0.3578947368421052,0.5230769230769231,0.12160459036160058,0.2322935415431857,0.9052631578947368,1.0,0.9714285714285713,0.02857142857142857
