epoch,train_loss,backbone,drop_feature,dataset,test_dataset,raw_accuracy,raw_precision,raw_recall,raw_f1,raw_brier,raw_ece,raw_topk,refined_accuracy,refined_precision,refined_recall,refined_f1,refined_brier,refined_ece,refined_topk,refinement_change_rate,refinement_corrected_rate,refinement_wrong_flip_rate
1,0.7080872058868408,graphsage,full,augmented_kary_n2_k8_run2_train,augmented_kary_n2_k8_run2_test,0.728125,0.6,0.08421052631578947,0.13599999999999998,0.23281323204788498,0.20865093730390072,1.0,0.728125,0.6,0.08421052631578947,0.13599999999999998,0.23281323204788498,0.20865093730390072,1.0,0.0,0.0,0.0
5,0.6306458115577698,graphsage,full,augmented_kary_n2_k8_run2_train,augmented_kary_n2_k8_run2_test,0.703125,0.0,0.0,0.0,0.19774096777037048,0.290560713224113,1.0,0.953125,1.0,0.8421052631578947,0.9132500567794685,0.0878868242761304,0.19235225781726858,1.0,0.47666964614333035,1.0,0.0
10,0.5478497743606567,graphsage,full,augmented_kary_n2_k8_run2_train,augmented_kary_n2_k8_run2_test,0.703125,0.0,0.0,0.0,0.16219465468774286,0.3521769474260509,0.9894736842105264,0.99375,1.0,0.9789473684210526,0.9891891891891891,0.059033824594066545,0.19648343948732064,1.0,0.8444664031620555,1.0,0.0
15,0.4490874111652374,graphsage,full,augmented_kary_n2_k8_run2_train,augmented_kary_n2_k8_run2_test,0.821875,1.0,0.39999999999999997,0.525067969067969,0.1193940310650328,0.31336597725749016,0.9894736842105264,0.99375,1.0,0.9789473684210526,0.9891891891891891,0.034657012567952686,0.1424377704083937,1.0,0.46863636363636363,1.0,0.0
20,0.3330731689929962,graphsage,full,augmented_kary_n2_k8_run2_train,augmented_kary_n2_k8_run2_test,0.984375,0.99,0.9578947368421054,0.9713423831070891,0.06725327150600066,0.22835132898762822,0.9894736842105264,1.0,1.0,1.0,1.0,0.042956640301617076,0.16893872312435954,1.0,0.08153846153846153,0.4,0.0
