epoch,train_loss,backbone,drop_feature,dataset,test_dataset,raw_accuracy,raw_precision,raw_recall,raw_f1,raw_brier,raw_ece,raw_topk,refined_accuracy,refined_precision,refined_recall,refined_f1,refined_brier,refined_ece,refined_topk,refinement_change_rate,refinement_corrected_rate,refinement_wrong_flip_rate
1,0.7067126631736755,graphsage,full,hypercube_n6_run3_train,hypercube_n6_run3_test,0.703125,0.0,0.0,0.0,0.23599083592349981,0.1840481127612293,0.9894736842105264,0.703125,0.0,0.0,0.0,0.23599083592349981,0.1840481127612293,0.9894736842105264,0.0,0.0,0.0
5,0.6417838335037231,graphsage,full,hypercube_n6_run3_train,hypercube_n6_run3_test,0.703125,0.0,0.0,0.0,0.2043483858903913,0.1329225806519389,1.0,0.8625,1.0,0.5368421052631579,0.6971428571428572,0.09381325215953693,0.16780825542729555,1.0,0.22072155411655875,1.0,0.0
10,0.5702455639839172,graphsage,full,hypercube_n6_run3_train,hypercube_n6_run3_test,0.703125,0.0,0.0,0.0,0.17247473105265596,0.3262569630518556,1.0,0.990625,1.0,0.968421052631579,0.9834834834834835,0.06711543163939326,0.19982051514648397,1.0,0.896277997364954,1.0,0.0
15,0.5025585889816284,graphsage,full,hypercube_n6_run3_train,hypercube_n6_run3_test,0.703125,0.0,0.0,0.0,0.14640881726328075,0.3318987539503723,1.0,0.859375,1.0,0.5263157894736843,0.6755704321221562,0.08902416797017325,0.23722055121324956,1.0,1.0,1.0,0.0
20,0.4141559898853302,graphsage,full,hypercube_n6_run3_train,hypercube_n6_run3_test,0.75,0.8,0.15789473684210525,0.23412151067323483,0.10532552902505202,0.27652385719120504,1.0,1.0,1.0,1.0,1.0,0.01622445938449881,0.09873616592822462,1.0,0.6666666666666667,1.0,0.0
