epoch,train_loss,backbone,drop_feature,dataset,test_dataset,raw_accuracy,raw_precision,raw_recall,raw_f1,raw_brier,raw_ece,raw_topk,refined_accuracy,refined_precision,refined_recall,refined_f1,refined_brier,refined_ece,refined_topk,refinement_change_rate,refinement_corrected_rate,refinement_wrong_flip_rate
1,0.7187841534614563,gcn,full,hypercube_n6_run1_train,hypercube_n6_run1_test,0.703125,0.0,0.0,0.0,0.24070195620042453,0.1793492035008967,0.3157894736842105,0.703125,0.0,0.0,0.0,0.24070195620042453,0.1793492035008967,0.3157894736842105,0.0,0.0,0.0
5,0.6490011215209961,gcn,full,hypercube_n6_run1_train,hypercube_n6_run1_test,0.703125,0.0,0.0,0.0,0.209754087135091,0.4188958667218685,0.9894736842105264,0.996875,1.0,0.9894736842105264,0.9945945945945945,0.09013348401262301,0.23056765015583572,1.0,0.7131957671957672,1.0,0.0
10,0.5907142758369446,gcn,full,hypercube_n6_run1_train,hypercube_n6_run1_test,0.703125,0.0,0.0,0.0,0.18828216253168328,0.3604474809020758,0.9789473684210526,0.8125,1.0,0.3684210526315789,0.5384615384615384,0.13989054377000665,0.2876995417289436,0.9789473684210526,1.0,1.0,0.0
15,0.5626968145370483,gcn,full,hypercube_n6_run1_train,hypercube_n6_run1_test,0.703125,0.0,0.0,0.0,0.17986272152659422,0.20500769894570112,0.9473684210526315,0.80625,0.9714285714285715,0.35789473684210527,0.523076923076923,0.13242240341130018,0.13691586079075932,0.9473684210526315,1.0,0.9714285714285715,0.02857142857142857
20,0.5206053256988525,gcn,full,hypercube_n6_run1_train,hypercube_n6_run1_test,0.703125,0.0,0.0,0.0,0.16125171547574618,0.31442835424095394,0.9368421052631579,0.84375,0.9714285714285715,0.48421052631578937,0.6284804850322091,0.10999148194425616,0.23066441705450416,0.9368421052631579,1.0,0.9714285714285715,0.02857142857142857
