epoch,train_loss,backbone,drop_feature,dataset,test_dataset,raw_accuracy,raw_precision,raw_recall,raw_f1,raw_brier,raw_ece,raw_topk,refined_accuracy,refined_precision,refined_recall,refined_f1,refined_brier,refined_ece,refined_topk,refinement_change_rate,refinement_corrected_rate,refinement_wrong_flip_rate
1,0.721889317035675,gcn,full,hypercube_n6_run3_train,hypercube_n6_run3_test,0.703125,0.0,0.0,0.0,0.24204825490974455,0.18692533858120441,0.7157894736842104,0.703125,0.0,0.0,0.0,0.24204825490974455,0.18692533858120441,0.7157894736842104,0.0,0.0,0.0
5,0.6510882377624512,gcn,full,hypercube_n6_run3_train,hypercube_n6_run3_test,0.703125,0.0,0.0,0.0,0.2090901801937771,0.3073540019802749,0.9894736842105264,0.95625,1.0,0.8526315789473683,0.9192818028112146,0.09058875694874244,0.20112483085178962,1.0,0.47442067736185384,1.0,0.0
10,0.5868040323257446,gcn,full,hypercube_n6_run3_train,hypercube_n6_run3_test,0.703125,0.0,0.0,0.0,0.1853864532180216,0.3049648695625365,0.9894736842105264,0.8125,1.0,0.3684210526315789,0.5384615384615384,0.13943983926196765,0.2340784444473684,0.9894736842105264,1.0,1.0,0.0
15,0.5590952038764954,gcn,full,hypercube_n6_run3_train,hypercube_n6_run3_test,0.703125,0.0,0.0,0.0,0.1774239060752173,0.18854798129759728,0.9789473684210528,0.80625,0.9714285714285715,0.35789473684210527,0.523076923076923,0.1308418652628765,0.120188315724954,0.9789473684210528,1.0,0.9714285714285715,0.02857142857142857
20,0.5322396159172058,gcn,full,hypercube_n6_run3_train,hypercube_n6_run3_test,0.703125,0.0,0.0,0.0,0.16122495823128946,0.32712678401730955,0.9789473684210528,0.815625,1.0,0.3789473684210526,0.5492877492877493,0.11660317843228518,0.25629668082110585,0.9789473684210528,1.0,1.0,0.0
