epoch,train_loss,backbone,drop_feature,dataset,test_dataset,raw_accuracy,raw_precision,raw_recall,raw_f1,raw_brier,raw_ece,raw_topk,refined_accuracy,refined_precision,refined_recall,refined_f1,refined_brier,refined_ece,refined_topk,refinement_change_rate,refinement_corrected_rate,refinement_wrong_flip_rate
1,0.6900961399078369,gcn,full,hypercube_n6_run2_train,hypercube_n6_run2_test,0.703125,0.0,0.0,0.0,0.22799835462104473,0.13175269635394216,0.0,0.703125,0.0,0.0,0.0,0.22799835462104473,0.13175269635394216,0.0,0.0,0.0,0.0
5,0.6352691650390625,gcn,full,hypercube_n6_run2_train,hypercube_n6_run2_test,0.703125,0.0,0.0,0.0,0.20505223183232793,0.061882184352725744,0.9894736842105264,0.8125,1.0,0.3684210526315789,0.5384615384615384,0.16215749636420623,0.1303769568912685,0.9894736842105264,1.0,1.0,0.0
10,0.5970979332923889,gcn,full,hypercube_n6_run2_train,hypercube_n6_run2_test,0.703125,0.0,0.0,0.0,0.193791762362329,0.36854334119707344,0.9789473684210526,0.80625,0.9714285714285715,0.35789473684210527,0.5230769230769231,0.1468089388289905,0.2999350708909333,0.9789473684210526,1.0,0.9714285714285715,0.02857142857142857
15,0.5812525749206543,gcn,full,hypercube_n6_run2_train,hypercube_n6_run2_test,0.703125,0.0,0.0,0.0,0.18536721770511622,0.24345237598754466,0.968421052631579,0.80625,0.9714285714285715,0.35789473684210527,0.5230769230769231,0.1383735775276173,0.18364065256901085,0.968421052631579,1.0,0.9714285714285715,0.02857142857142857
20,0.5454952716827393,gcn,full,hypercube_n6_run2_train,hypercube_n6_run2_test,0.703125,0.0,0.0,0.0,0.1694570831743853,0.3122330747079104,0.968421052631579,0.815625,0.9714285714285715,0.3894736842105263,0.5533156498673739,0.1274075607869138,0.24473425061441959,0.968421052631579,1.0,0.9714285714285715,0.02857142857142857
