epoch,train_loss,backbone,drop_feature,dataset,test_dataset,raw_accuracy,raw_precision,raw_recall,raw_f1,raw_brier,raw_ece,raw_topk,refined_accuracy,refined_precision,refined_recall,refined_f1,refined_brier,refined_ece,refined_topk,refinement_change_rate,refinement_corrected_rate,refinement_wrong_flip_rate
1,0.739680826663971,gat,full,hypercube_n6_run2_train,hypercube_n6_run2_test,0.703125,0.0,0.0,0.0,0.2496619183478359,0.1849658738821745,0.0,0.703125,0.0,0.0,0.0,0.2496619183478359,0.1849658738821745,0.0,0.0,0.0,0.0
5,0.6674668192863464,gat,full,hypercube_n6_run2_train,hypercube_n6_run2_test,0.703125,0.0,0.0,0.0,0.21764353166702496,0.11100553190335631,0.8736842105263157,0.7125,0.4,0.031578947368421054,0.0580952380952381,0.17648311806122727,0.08414662472762817,0.894736842105263,0.010405323653962493,0.4,0.0
10,0.6118472218513489,gat,full,hypercube_n6_run2_train,hypercube_n6_run2_test,0.703125,0.0,0.0,0.0,0.19819939721768323,0.15489104455336927,0.9368421052631579,0.80625,0.9714285714285715,0.35789473684210527,0.5230769230769231,0.15364283478590748,0.0906762182712555,0.9368421052631579,1.0,0.9714285714285715,0.02857142857142857
15,0.6009858250617981,gat,full,hypercube_n6_run2_train,hypercube_n6_run2_test,0.703125,0.0,0.0,0.0,0.1951480067111616,0.05357773029245436,0.9263157894736841,0.80625,0.9714285714285715,0.35789473684210527,0.5230769230769231,0.14300457011007012,0.02758337468840183,0.9263157894736841,1.0,0.9714285714285715,0.02857142857142857
20,0.5832873582839966,gat,full,hypercube_n6_run2_train,hypercube_n6_run2_test,0.703125,0.0,0.0,0.0,0.1872722507702342,0.1325054748915136,0.9368421052631579,0.80625,0.9714285714285715,0.35789473684210527,0.5230769230769231,0.13866270653816462,0.08076016679406166,0.9368421052631579,1.0,0.9714285714285715,0.02857142857142857
