epoch,train_loss,backbone,drop_feature,dataset,test_dataset,raw_accuracy,raw_precision,raw_recall,raw_f1,raw_brier,raw_ece,raw_topk,refined_accuracy,refined_precision,refined_recall,refined_f1,refined_brier,refined_ece,refined_topk,refinement_change_rate,refinement_corrected_rate,refinement_wrong_flip_rate
1,0.7621095776557922,gat,full,hypercube_n6_run3_train,hypercube_n6_run3_test,0.296875,0.296875,1.0,0.45783132530120485,0.26083625012638073,0.22505004648119212,0.0,0.296875,0.296875,1.0,0.45783132530120485,0.26083625012638073,0.22505004648119212,0.0,0.0,0.0,0.0
5,0.6959397196769714,gat,full,hypercube_n6_run3_train,hypercube_n6_run3_test,0.703125,0.0,0.0,0.0,0.2315352962188466,0.16598069313913583,0.9894736842105264,0.703125,0.0,0.0,0.0,0.2315352962188466,0.16598069313913583,0.9894736842105264,0.0,0.0,0.0
10,0.6371419429779053,gat,full,hypercube_n6_run3_train,hypercube_n6_run3_test,0.703125,0.0,0.0,0.0,0.20737232869745056,0.4433825068175793,1.0,1.0,1.0,1.0,1.0,0.09219901490578357,0.23944587538548873,1.0,0.7853333333333332,1.0,0.0
15,0.5994406342506409,gat,full,hypercube_n6_run3_train,hypercube_n6_run3_test,0.703125,0.0,0.0,0.0,0.19188186012187183,0.025000059697777032,0.9894736842105264,0.8125,1.0,0.3684210526315789,0.5384615384615384,0.14653642497047176,0.09542393740266561,0.9894736842105264,1.0,1.0,0.0
20,0.5833582282066345,gat,full,hypercube_n6_run3_train,hypercube_n6_run3_test,0.703125,0.0,0.0,0.0,0.18640129396943014,0.29709573881700635,0.9894736842105264,0.8125,1.0,0.3684210526315789,0.5384615384615384,0.13461192870751404,0.22183506786823273,0.9894736842105264,1.0,1.0,0.0
