epoch,train_loss,backbone,drop_feature,dataset,test_dataset,raw_accuracy,raw_precision,raw_recall,raw_f1,raw_brier,raw_ece,raw_topk,refined_accuracy,refined_precision,refined_recall,refined_f1,refined_brier,refined_ece,refined_topk,refinement_change_rate,refinement_corrected_rate,refinement_wrong_flip_rate
1,0.6974297165870667,gat,full,hypercube_n6_run1_train,hypercube_n6_run1_test,0.703125,0.0,0.0,0.0,0.2309759403315717,0.16632253946736456,0.9368421052631579,0.703125,0.0,0.0,0.0,0.2309759403315717,0.16632253946736456,0.9368421052631579,0.0,0.0,0.0
5,0.63170325756073,gat,full,hypercube_n6_run1_train,hypercube_n6_run1_test,0.703125,0.0,0.0,0.0,0.2007268002637467,0.4257238146848977,0.9894736842105264,0.996875,1.0,0.9894736842105264,0.9945945945945945,0.08731924390149852,0.2310592687297099,1.0,0.753074074074074,1.0,0.0
10,0.5732545256614685,gat,full,hypercube_n6_run1_train,hypercube_n6_run1_test,0.703125,0.0,0.0,0.0,0.17939392468553966,0.3551920253317803,0.9894736842105264,0.8125,1.0,0.3684210526315789,0.5384615384615384,0.13383581053206117,0.2846077873837203,0.9894736842105264,1.0,1.0,0.0
15,0.5423092842102051,gat,full,hypercube_n6_run1_train,hypercube_n6_run1_test,0.703125,0.0,0.0,0.0,0.17067657170646527,0.3330304931849241,0.9789473684210526,0.8125,1.0,0.3684210526315789,0.5384615384615384,0.12349611652493002,0.26120955469086765,0.9789473684210526,1.0,1.0,0.0
20,0.5055647492408752,gat,full,hypercube_n6_run1_train,hypercube_n6_run1_test,0.703125,0.0,0.0,0.0,0.152398773553826,0.3289399830624461,0.9789473684210526,0.928125,0.9818181818181818,0.7684210526315789,0.8496969696969696,0.07436159636352045,0.1902571721007637,0.9789473684210526,0.9166666666666666,0.9818181818181818,0.01818181818181818
