epoch,train_loss,backbone,drop_feature,dataset,test_dataset,raw_accuracy,raw_precision,raw_recall,raw_f1,raw_brier,raw_ece,raw_topk,refined_accuracy,refined_precision,refined_recall,refined_f1,refined_brier,refined_ece,refined_topk,refinement_change_rate,refinement_corrected_rate,refinement_wrong_flip_rate
1,0.7685226798057556,graphsage,full,hypercube_n6_run2_train,hypercube_n6_run2_test,0.296875,0.296875,1.0,0.45783132530120485,0.2635585937694203,0.23280417919158936,0.021052631578947368,0.296875,0.296875,1.0,0.45783132530120485,0.2635585937694203,0.23280417919158936,0.021052631578947368,0.0,0.0,0.0
5,0.6991085410118103,graphsage,full,hypercube_n6_run2_train,hypercube_n6_run2_test,0.790625,0.6,0.29473684210526313,0.3816017316017316,0.23340648232859004,0.2718259057030082,0.968421052631579,0.790625,0.6,0.29473684210526313,0.3816017316017316,0.23340648232859004,0.2718259057030082,0.968421052631579,0.0,0.0,0.0
10,0.6126182079315186,graphsage,full,hypercube_n6_run2_train,hypercube_n6_run2_test,0.703125,0.0,0.0,0.0,0.19375964009434343,0.3745286986231804,0.968421052631579,0.984375,1.0,0.9473684210526315,0.9710651828298887,0.0796692363438161,0.2158623922911609,1.0,0.6663895781637716,1.0,0.0
15,0.5497859120368958,graphsage,full,hypercube_n6_run2_train,hypercube_n6_run2_test,0.703125,0.0,0.0,0.0,0.17540075198389177,0.26876760586164894,0.968421052631579,0.80625,0.9714285714285715,0.35789473684210527,0.5230769230769231,0.12972246870148868,0.2011668638791889,0.968421052631579,1.0,0.9714285714285715,0.02857142857142857
20,0.5110624432563782,graphsage,full,hypercube_n6_run2_train,hypercube_n6_run2_test,0.703125,0.0,0.0,0.0,0.15433277687637215,0.29727907497435807,0.968421052631579,0.815625,0.9714285714285715,0.3894736842105263,0.5533156498673739,0.11179035041785719,0.2293075853958726,0.968421052631579,1.0,0.9714285714285715,0.02857142857142857
