epoch,train_loss,backbone,drop_feature,dataset,test_dataset,raw_accuracy,raw_precision,raw_recall,raw_f1,raw_brier,raw_ece,raw_topk,refined_accuracy,refined_precision,refined_recall,refined_f1,refined_brier,refined_ece,refined_topk,refinement_change_rate,refinement_corrected_rate,refinement_wrong_flip_rate
1,0.7445028424263,graphsage,full,kary_n2_k8_run1_train,kary_n2_k8_run1_test,0.459375,0.007142857142857143,0.010526315789473684,0.00851063829787234,0.25225769087247835,0.20489328857511283,0.07368421052631578,0.459375,0.007142857142857143,0.010526315789473684,0.00851063829787234,0.25225769087247835,0.20489328857511283,0.07368421052631578,0.0,0.0,0.0
5,0.6874120831489563,graphsage,full,kary_n2_k8_run1_train,kary_n2_k8_run1_test,0.703125,0.0,0.0,0.0,0.22738770995859908,0.15758005287498236,0.9894736842105264,0.703125,0.0,0.0,0.0,0.22738770995859908,0.15758005287498236,0.9894736842105264,0.0,0.0,0.0
10,0.6321378946304321,graphsage,full,kary_n2_k8_run1_train,kary_n2_k8_run1_test,0.703125,0.0,0.0,0.0,0.20161914044965173,0.41991110192611814,0.9894736842105264,0.975,1.0,0.9157894736842106,0.9545486663133722,0.09726757733879583,0.24263186063431402,0.9894736842105264,0.6899120879120879,1.0,0.0
15,0.5742828845977783,graphsage,full,kary_n2_k8_run1_train,kary_n2_k8_run1_test,0.703125,0.0,0.0,0.0,0.17602806667632148,0.2717522896826267,0.9894736842105264,0.8125,1.0,0.3684210526315789,0.5384615384615384,0.13382623391923892,0.20381700843572617,0.9894736842105264,1.0,1.0,0.0
20,0.5200260877609253,graphsage,full,kary_n2_k8_run1_train,kary_n2_k8_run1_test,0.703125,0.0,0.0,0.0,0.15322154127979465,0.318734738137573,0.9894736842105264,0.80625,0.9714285714285715,0.35789473684210527,0.523076923076923,0.11455785694171128,0.2568294986151159,0.9894736842105264,1.0,0.9714285714285715,0.02857142857142857
