epoch,train_loss,backbone,drop_feature,dataset,test_dataset,raw_accuracy,raw_precision,raw_recall,raw_f1,raw_brier,raw_ece,raw_topk,refined_accuracy,refined_precision,refined_recall,refined_f1,refined_brier,refined_ece,refined_topk,refinement_change_rate,refinement_corrected_rate,refinement_wrong_flip_rate
1,0.7216306328773499,gat,full,kary_n2_k8_run2_train,kary_n2_k8_run2_test,0.58125,0.419627931616089,1.0,0.5897645532210131,0.24477277812112677,0.21127648307010533,0.9052631578947368,0.58125,0.419627931616089,1.0,0.5897645532210131,0.24477277812112677,0.21127648307010533,0.9052631578947368,0.0,0.0,0.0
5,0.6488292813301086,gat,full,kary_n2_k8_run2_train,kary_n2_k8_run2_test,0.709375,0.3333333333333333,0.031578947368421054,0.05636363636363637,0.20984436080634153,0.15496719731017947,0.9052631578947368,0.709375,0.3333333333333333,0.031578947368421054,0.05636363636363637,0.20572869459972704,0.14483439798322023,0.9052631578947368,0.0,0.0,0.0
10,0.5734441876411438,gat,full,kary_n2_k8_run2_train,kary_n2_k8_run2_test,0.703125,0.0,0.0,0.0,0.1796520562879534,0.21685663117095827,0.8947368421052632,0.9125,0.9644444444444445,0.7263157894736842,0.8173137897995583,0.1063974587820717,0.17480367657018764,0.9157894736842105,0.8996363636363636,0.9644444444444445,0.03555555555555555
15,0.5330975651741028,gat,full,kary_n2_k8_run2_train,kary_n2_k8_run2_test,0.703125,0.0,0.0,0.0,0.16753085678116314,0.27215042915195226,0.8842105263157893,0.7875,0.8571428571428571,0.3368421052631579,0.4824175824175825,0.141180174985004,0.23316551400348545,0.8842105263157893,0.9800000000000001,0.8571428571428571,0.14285714285714285
20,0.49484044313430786,gat,full,kary_n2_k8_run2_train,kary_n2_k8_run2_test,0.703125,0.0,0.0,0.0,0.1503815123935813,0.25307966230902823,0.8631578947368421,0.8875,0.961111111111111,0.6421052631578947,0.7598665183537262,0.08813189949981384,0.1595600771019265,0.8736842105263157,0.9368421052631579,0.961111111111111,0.03888888888888888
