epoch,train_loss,backbone,drop_feature,dataset,test_dataset,raw_accuracy,raw_precision,raw_recall,raw_f1,raw_brier,raw_ece,raw_topk,refined_accuracy,refined_precision,refined_recall,refined_f1,refined_brier,refined_ece,refined_topk,refinement_change_rate,refinement_corrected_rate,refinement_wrong_flip_rate
1,0.7382314205169678,graphsage,full,kary_n2_k8_run2_train,kary_n2_k8_run2_test,0.296875,0.296875,1.0,0.45783132530120485,0.2513497993596758,0.21034439485520123,0.5684210526315788,0.296875,0.296875,1.0,0.45783132530120485,0.2513497993596758,0.21034439485520123,0.5684210526315788,0.0,0.0,0.0
5,0.6821268200874329,graphsage,full,kary_n2_k8_run2_train,kary_n2_k8_run2_test,0.834375,0.9733333333333333,0.46315789473684205,0.5659281578636418,0.22488847231447706,0.3046971054747701,0.9368421052631579,0.834375,0.9733333333333333,0.46315789473684205,0.5659281578636418,0.22488847231447706,0.3046971054747701,0.9368421052631579,0.0,0.0,0.0
10,0.6035476922988892,graphsage,full,kary_n2_k8_run2_train,kary_n2_k8_run2_test,0.74375,0.7818181818181819,0.14736842105263154,0.21142857142857144,0.18703918539922731,0.31078673638403415,0.9368421052631579,0.9375,0.9882352941176471,0.8,0.8763437328954572,0.09716006890145809,0.21073428504222624,0.9684210526315787,0.4003594727732659,1.0,0.0
15,0.5146742463111877,graphsage,full,kary_n2_k8_run2_train,kary_n2_k8_run2_test,0.778125,0.9888888888888889,0.2631578947368421,0.3328746928746929,0.14745387850311936,0.3189713074825704,0.9263157894736841,0.98125,0.9894736842105264,0.9473684210526315,0.9669254216622637,0.05895566815503485,0.17509376101811855,0.968421052631579,0.5433966458329277,1.0,0.0
20,0.410569429397583,graphsage,full,kary_n2_k8_run2_train,kary_n2_k8_run2_test,0.903125,0.9484415584415584,0.7263157894736841,0.7921723804650634,0.10262227290394348,0.24807442561723292,0.9263157894736841,0.98125,0.952200956937799,0.9894736842105264,0.9697113327408576,0.04192108313033829,0.14042048404265625,0.968421052631579,0.2437417654808959,0.6,0.2
