epoch,train_loss,backbone,drop_feature,dataset,test_dataset,raw_accuracy,raw_precision,raw_recall,raw_f1,raw_brier,raw_ece,raw_topk,refined_accuracy,refined_precision,refined_recall,refined_f1,refined_brier,refined_ece,refined_topk,refinement_change_rate,refinement_corrected_rate,refinement_wrong_flip_rate
1,0.7197615504264832,gat,full,kary_n2_k8_run1_train,kary_n2_k8_run1_test,0.828125,0.7516405433646813,0.7684210526315789,0.7094535187433322,0.24310555219793145,0.3204994429834187,0.8105263157894737,0.828125,0.7516405433646813,0.7684210526315789,0.7094535187433322,0.24310555219793145,0.3204994429834187,0.8105263157894737,0.0,0.0,0.0
5,0.6615707278251648,gat,full,kary_n2_k8_run1_train,kary_n2_k8_run1_test,0.703125,0.0,0.0,0.0,0.21675522158593039,0.1381159105338156,0.8947368421052632,0.703125,0.0,0.0,0.0,0.21675522158593039,0.1381159105338156,0.8947368421052632,0.0,0.0,0.0
10,0.6091576814651489,gat,full,kary_n2_k8_run1_train,kary_n2_k8_run1_test,0.703125,0.0,0.0,0.0,0.19453995066220559,0.05777172604575753,0.9263157894736842,0.80625,0.9714285714285715,0.35789473684210527,0.523076923076923,0.15766101450570164,0.12443585172295571,0.9263157894736842,1.0,0.9714285714285715,0.02857142857142857
15,0.577061116695404,gat,full,kary_n2_k8_run1_train,kary_n2_k8_run1_test,0.703125,0.0,0.0,0.0,0.18496254689116515,0.33540094224736094,0.9052631578947368,0.80625,0.9714285714285715,0.35789473684210527,0.523076923076923,0.13965446126242145,0.26813919506967065,0.9052631578947368,1.0,0.9714285714285715,0.02857142857142857
20,0.5691966414451599,gat,full,kary_n2_k8_run1_train,kary_n2_k8_run1_test,0.703125,0.0,0.0,0.0,0.1802971581268424,0.2126125213690102,0.9052631578947368,0.80625,0.9714285714285715,0.35789473684210527,0.523076923076923,0.1330859351006563,0.14392713541164995,0.9052631578947368,1.0,0.9714285714285715,0.02857142857142857
