epoch,train_loss,backbone,drop_feature,dataset,test_dataset,raw_accuracy,raw_precision,raw_recall,raw_f1,raw_brier,raw_ece,raw_topk,refined_accuracy,refined_precision,refined_recall,refined_f1,refined_brier,refined_ece,refined_topk,refinement_change_rate,refinement_corrected_rate,refinement_wrong_flip_rate
1,0.7300789952278137,graphsage,full,kary_n2_k8_run3_train,kary_n2_k8_run3_test,0.45625,0.35391378773731713,1.0,0.5225857795172864,0.24811716214653928,0.20777626847848296,0.968421052631579,0.45625,0.35391378773731713,1.0,0.5225857795172864,0.24811716214653928,0.20777626847848296,0.968421052631579,0.0,0.0,0.0
5,0.6800394058227539,graphsage,full,kary_n2_k8_run3_train,kary_n2_k8_run3_test,0.703125,0.0,0.0,0.0,0.22628992212707125,0.1574724496342242,0.9789473684210526,0.703125,0.0,0.0,0.0,0.22628992212707125,0.1574724496342242,0.9789473684210526,0.0,0.0,0.0
10,0.6272404193878174,graphsage,full,kary_n2_k8_run3_train,kary_n2_k8_run3_test,0.703125,0.0,0.0,0.0,0.2034571544193513,0.3747624048963189,0.9789473684210526,0.9875,0.9894736842105264,0.968421052631579,0.9783625730994151,0.10054954375822878,0.2551673442459103,0.9894736842105264,0.8732919254658386,0.9894736842105264,0.010526315789473684
15,0.5847663879394531,graphsage,full,kary_n2_k8_run3_train,kary_n2_k8_run3_test,0.703125,0.0,0.0,0.0,0.1844580140088102,0.32165643088519574,0.968421052631579,0.80625,0.9714285714285715,0.35789473684210527,0.523076923076923,0.14429972419264137,0.2585158786736429,0.968421052631579,1.0,0.9714285714285715,0.02857142857142857
20,0.5288038849830627,graphsage,full,kary_n2_k8_run3_train,kary_n2_k8_run3_test,0.703125,0.0,0.0,0.0,0.16413636644099,0.3379103601910174,0.968421052631579,0.825,0.9800000000000001,0.42105263157894735,0.5866124935090451,0.11816165026493239,0.26442516027018426,0.968421052631579,1.0,0.9800000000000001,0.02
