epoch,train_loss,backbone,drop_feature,dataset,test_dataset,raw_accuracy,raw_precision,raw_recall,raw_f1,raw_brier,raw_ece,raw_topk,refined_accuracy,refined_precision,refined_recall,refined_f1,refined_brier,refined_ece,refined_topk,refinement_change_rate,refinement_corrected_rate,refinement_wrong_flip_rate
1,0.688504695892334,gcn,full,kary_n2_k8_run2_train,kary_n2_k8_run2_test,0.703125,0.0,0.0,0.0,0.23053251880022216,0.16600336246192454,0.9368421052631579,0.703125,0.0,0.0,0.0,0.23053251880022216,0.16600336246192454,0.9368421052631579,0.0,0.0,0.0
5,0.633878767490387,gcn,full,kary_n2_k8_run2_train,kary_n2_k8_run2_test,0.703125,0.0,0.0,0.0,0.2041091663065683,0.24033007314428687,0.9157894736842105,0.86875,1.0,0.5578947368421053,0.7055852152626347,0.1119426930914779,0.2090674480708583,0.9368421052631579,0.2846560812350286,1.0,0.0
10,0.574002742767334,gcn,full,kary_n2_k8_run2_train,kary_n2_k8_run2_test,0.703125,0.0,0.0,0.0,0.17807283563954696,0.23277341686189174,0.8947368421052632,0.93125,0.9800000000000001,0.7789473684210526,0.8583839627805145,0.09740650037213724,0.18200556099620085,0.9368421052631579,0.8826768525592055,0.9800000000000001,0.02
15,0.5180945992469788,gcn,full,kary_n2_k8_run2_train,kary_n2_k8_run2_test,0.703125,0.0,0.0,0.0,0.158913650720844,0.27873330623842774,0.8421052631578947,0.878125,0.9498931623931626,0.6210526315789473,0.7407563025210084,0.09971221143249118,0.19941957642660704,0.8526315789473685,0.9063157894736842,0.9498931623931626,0.05010683760683761
20,0.4661366641521454,gcn,full,kary_n2_k8_run2_train,kary_n2_k8_run2_test,0.75,0.6587878787878788,0.21052631578947367,0.28716823406478575,0.13877743003026713,0.2339542233850807,0.7894736842105263,0.934375,0.9376292335115866,0.8421052631578947,0.8775600183384696,0.060800975083970143,0.1431503263381398,0.9052631578947368,0.6323684210526317,0.9857142857142858,0.014285714285714285
