epoch,train_loss,backbone,drop_feature,dataset,test_dataset,raw_accuracy,raw_precision,raw_recall,raw_f1,raw_brier,raw_ece,raw_topk,refined_accuracy,refined_precision,refined_recall,refined_f1,refined_brier,refined_ece,refined_topk,refinement_change_rate,refinement_corrected_rate,refinement_wrong_flip_rate
1,0.6841957569122314,gcn,full,kary_n2_k8_run1_train,kary_n2_k8_run1_test,0.703125,0.0,0.0,0.0,0.2282380660432139,0.15039244862273335,0.8210526315789475,0.703125,0.0,0.0,0.0,0.2282380660432139,0.15039244862273335,0.8210526315789475,0.0,0.0,0.0
5,0.6316638588905334,gcn,full,kary_n2_k8_run1_train,kary_n2_k8_run1_test,0.703125,0.0,0.0,0.0,0.202953141075998,0.08093225937336683,0.8947368421052632,0.81875,1.0,0.3894736842105263,0.5601139601139601,0.16080979051312105,0.1457680939696729,0.8947368421052632,0.9777777777777779,1.0,0.0
10,0.5889791250228882,gcn,full,kary_n2_k8_run1_train,kary_n2_k8_run1_test,0.703125,0.0,0.0,0.0,0.18972460000527752,0.29695760244503616,0.8736842105263157,0.80625,0.9714285714285715,0.35789473684210527,0.523076923076923,0.14322849670794108,0.22880060467869043,0.8736842105263157,1.0,0.9714285714285715,0.02857142857142857
15,0.5738694667816162,gcn,full,kary_n2_k8_run1_train,kary_n2_k8_run1_test,0.703125,0.0,0.0,0.0,0.18409664105787488,0.14059883588925004,0.8736842105263157,0.80625,0.9714285714285715,0.35789473684210527,0.523076923076923,0.13532874252606802,0.07077999608591198,0.8736842105263157,1.0,0.9714285714285715,0.02857142857142857
20,0.5497965812683105,gcn,full,kary_n2_k8_run1_train,kary_n2_k8_run1_test,0.703125,0.0,0.0,0.0,0.1704590666421637,0.2949485042132437,0.8736842105263157,0.8,0.9428571428571428,0.34736842105263155,0.5076923076923077,0.13292705895507964,0.2369973505847156,0.8736842105263157,1.0,0.9428571428571428,0.05714285714285714
