epoch,train_loss,backbone,drop_feature,dataset,test_dataset,raw_accuracy,raw_precision,raw_recall,raw_f1,raw_brier,raw_ece,raw_topk,refined_accuracy,refined_precision,refined_recall,refined_f1,refined_brier,refined_ece,refined_topk,refinement_change_rate,refinement_corrected_rate,refinement_wrong_flip_rate
1,0.7465373277664185,gcn,full,kary_n2_k8_run3_train,kary_n2_k8_run3_test,0.296875,0.296875,1.0,0.45783132530120485,0.2568808358130021,0.2334513423964381,0.9473684210526315,0.296875,0.296875,1.0,0.45783132530120485,0.2568808358130021,0.2334513423964381,0.9473684210526315,0.0,0.0,0.0
5,0.7021447420120239,gcn,full,kary_n2_k8_run3_train,kary_n2_k8_run3_test,0.84375,0.9866666666666667,0.4842105263157895,0.6268981900452488,0.23746387823201695,0.32951095793396235,0.9789473684210526,0.84375,0.9866666666666667,0.4842105263157895,0.6268981900452488,0.23746387823201695,0.32951095793396235,0.9789473684210526,0.0,0.0,0.0
10,0.6571391224861145,gcn,full,kary_n2_k8_run3_train,kary_n2_k8_run3_test,0.703125,0.0,0.0,0.0,0.2171694455642222,0.13883068058639764,0.9789473684210526,0.703125,0.0,0.0,0.0,0.2171694455642222,0.13883068058639764,0.9789473684210526,0.0,0.0,0.0
15,0.610617995262146,gcn,full,kary_n2_k8_run3_train,kary_n2_k8_run3_test,0.703125,0.0,0.0,0.0,0.19655639892366408,0.13102404363453388,0.968421052631579,0.859375,0.9866666666666667,0.5368421052631579,0.6827614379084966,0.1416678947295764,0.16422282094135882,0.968421052631579,1.0,0.9866666666666667,0.013333333333333332
20,0.5727379322052002,gcn,full,kary_n2_k8_run3_train,kary_n2_k8_run3_test,0.703125,0.0,0.0,0.0,0.18535350824241076,0.36322360215708616,0.968421052631579,0.80625,0.9714285714285715,0.35789473684210527,0.523076923076923,0.14177529354562038,0.2973225399851799,0.968421052631579,1.0,0.9714285714285715,0.02857142857142857
