epoch,train_loss,backbone,drop_feature,dataset,test_dataset,raw_accuracy,raw_precision,raw_recall,raw_f1,raw_brier,raw_ece,raw_topk,refined_accuracy,refined_precision,refined_recall,refined_f1,refined_brier,refined_ece,refined_topk,refinement_change_rate,refinement_corrected_rate,refinement_wrong_flip_rate
1,0.7486414909362793,gat,full,kary_n2_k8_run3_train,kary_n2_k8_run3_test,0.296875,0.296875,1.0,0.45783132530120485,0.2590778584365701,0.22508305441588164,0.43157894736842106,0.296875,0.296875,1.0,0.45783132530120485,0.2590778584365701,0.22508305441588164,0.43157894736842106,0.0,0.0,0.0
5,0.6951680779457092,gat,full,kary_n2_k8_run3_train,kary_n2_k8_run3_test,0.703125,0.0,0.0,0.0,0.23416190728282998,0.17218141527846456,0.9789473684210526,0.703125,0.0,0.0,0.0,0.23416190728282998,0.17218141527846456,0.9789473684210526,0.0,0.0,0.0
10,0.642960786819458,gat,full,kary_n2_k8_run3_train,kary_n2_k8_run3_test,0.703125,0.0,0.0,0.0,0.21091467297583635,0.44018366327509284,0.9894736842105264,0.990625,0.9894736842105264,0.9789473684210526,0.9840682788051209,0.10157508684630638,0.2488535383517708,0.9894736842105264,0.7902173913043478,0.9894736842105264,0.010526315789473684
15,0.6076904535293579,gat,full,kary_n2_k8_run3_train,kary_n2_k8_run3_test,0.703125,0.0,0.0,0.0,0.1965377078618066,0.03044628053903579,0.9894736842105264,0.8125,1.0,0.3684210526315789,0.5384615384615384,0.14909734508554642,0.08850942375138401,0.9894736842105264,1.0,1.0,0.0
20,0.5898733139038086,gat,full,kary_n2_k8_run3_train,kary_n2_k8_run3_test,0.703125,0.0,0.0,0.0,0.19347419602766402,0.04103436851873994,0.9894736842105264,0.8125,1.0,0.3684210526315789,0.5384615384615384,0.13882195863365385,0.03627805542200806,0.9894736842105264,1.0,1.0,0.0
