profile,backbone,runs,accuracy_mean,accuracy_std,precision_mean,precision_std,recall_mean,recall_std,f1_mean,f1_std,brier_mean,brier_std,ece_mean,ece_std,topk_mean,topk_std,best_f1_mean,best_f1_std,best_f1_epoch_mean,best_f1_epoch_std,epoch_to_f1_095_mean,epoch_to_f1_095_std,epoch_to_f1_099_mean,epoch_to_f1_099_std,mean_f1_over_epochs_mean,mean_f1_over_epochs_std,final_train_loss_mean,final_train_loss_std,loss_reduction_mean,loss_reduction_std
gpu,gat,9,0.8309027777777778,0.04497298571858936,0.9809603976270643,0.020851634373613915,0.43859649122807015,0.15461506127966715,0.5908061995270004,0.12381846855479464,0.12220571395791237,0.02370355674783178,0.1795483880444077,0.08203208035092113,0.9473684210526315,0.05129891760425774,0.7796182306508186,0.185733902038909,8.444444444444445,4.096068575814836,2.111111111111111,4.884783629917615,0.8888888888888888,3.9510898637098992,0.4693559322696318,0.07594934941263982,0.5556196769078573,0.034801059381595514,0.18663125567966038,0.03768588520009384
gpu,gcn,9,0.8322916666666667,0.04136938217148037,0.9740222957870017,0.023310820211995657,0.4491228070175438,0.15541919010771998,0.5975352561945477,0.11425974561485766,0.11620328551795606,0.023033326326513608,0.23375629424205563,0.04288576568920028,0.943859649122807,0.04042708288351903,0.7533951911501554,0.16688107167364774,11.11111111111111,7.406828681096324,-0.3333333333333333,2.0,-0.3333333333333333,2.0,0.48867358873585576,0.06665286223796216,0.5327703853448232,0.029125092552896092,0.1721044878164927,0.027879419488875196
gpu,graphsage,9,0.928125,0.08665890389913779,0.9861175666438825,0.01796838882559874,0.7672514619883041,0.29130732381767954,0.8311149788519722,0.21203433444303169,0.060045031638836954,0.04278653773185375,0.17128772706244294,0.0656232075046796,0.9871345029239766,0.014678246079545182,0.9690006850507871,0.04064891230507765,16.666666666666668,5.0,10.444444444444445,5.525194818083592,6.0,10.5,0.6194817753337559,0.13342326024712006,0.43971003426445854,0.07037386118397909,0.2949631346596612,0.06297125832348706
